firm,country,ticker,n_obs,beta_rate,beta_fx,r2,beta_rate_z,beta_fx_z
TR_ACSEL,TR,ACSEL,8,-0.004806037036789061,0.1660251511314055,0.0343488114865127,-0.4471355058627622,-0.4112515715812966
TR_ADESE,TR,ADESE,6,0.025236290769361184,0.5025523168121998,0.6772090357806284,1.4561126183847874,0.40894680524240923
TR_AEFES,TR,AEFES,6,-0.008954734989000563,0.5502402732466635,0.2366757239777899,-0.7099647262402765,0.5251739287866851
TR_AGHOL,TR,AGHOL,10,0.006743292486908725,0.6913724651963647,0.23090278805536668,0.28454014504317965,0.8691473328966967
TR_AKENR,TR,AKENR,7,0.00974550694715252,0.7601812688203532,0.8820456571662965,0.4747370923941807,1.0368510870034555
TR_AKFGY,TR,AKFGY,7,0.02074881961698336,0.11997859024494026,0.7762785195068209,1.1718213641088913,-0.5234782158136856
TR_AKSUE,TR,AKSUE,8,0.018652721111742175,0.24928013540073865,0.7160230925420372,1.039028872991686,-0.20833896920030168
TR_AKYHO,TR,AKYHO,6,-0.03284850079061922,-0.42279046441365187,0.8483918193785428,-2.2236878051100564,-1.8463381303187125
TR_ALCTL,TR,ALCTL,6,-0.011381540357602573,0.07768728503259706,0.10268178395127969,-0.863708230921698,-0.6265523905797776
TR_ALKA,TR,ALKA,6,0.006601311159155531,0.81354338116024,0.7147357571592448,0.2755453129027381,1.1669075055886173
TR_ARCLK,TR,ARCLK,7,-0.007825151798290965,0.39946221329665355,0.7593502530178131,-0.6384031247967464,0.1576912033388141
TR_ARENA,TR,ARENA,6,0.011498649691228211,0.31493274739459093,0.3857184871732863,0.5858025750934668,-0.0483276200937314
TR_ARSAN,TR,ARSAN,6,-0.01269055826426421,1.168239114781134,0.7705788701496304,-0.9466374197494086,2.0313870919352883
TR_ATAGY,TR,ATAGY,7,0.004210005922816988,0.2188586671068582,0.7313020053679531,0.12405082036767733,-0.2824834706248967
TR_AVOD,TR,AVOD,7,-0.042017015741871486,1.1784896058695582,0.9022137054850833,-2.8045335703151797,2.0563700264789624
TR_AYCES,TR,AYCES,7,-0.0020034295522959847,0.883085435360686,0.37610032151629025,-0.2695841033122712,1.336398369307757
TR_AYEN,TR,AYEN,7,-0.034200863527206964,0.07562967390361851,0.528344325925991,-2.309362985086822,-0.6315672882766946
TR_BANVT,TR,BANVT,7,-0.012764140300110041,0.4543139381957822,0.5945805431061026,-0.9512990049836002,0.29137816925502014
TR_BERA,TR,BERA,6,0.025798066107958942,0.6014659844982317,0.9081923073067741,1.4917023325485423,0.6500234194219487
TR_BEYAZ,TR,BEYAZ,10,-0.0045979427224931355,-0.08174844456024521,0.07865793179671698,-0.43395226933375985,-1.0151359581357788
TR_BIMAS,TR,BIMAS,6,0.009007986724231988,0.8498488125452232,0.18360369045885727,0.4280135498669343,1.2553926530851272
TR_BJKAS,TR,BJKAS,6,0.017338080419084072,0.34975860415547033,0.8405633605889007,0.955743468195297,0.0365514449558404
TR_BLCYT,TR,BLCYT,9,0.02079564984593427,0.5361353056255207,0.7698415950206097,1.1747881630195487,0.49079669946373167
TR_BLUME,TR,BLUME,7,0.011200268908903565,0.5201661420106195,0.2094816942925637,0.5668994904877978,0.45187597206962327
TR_BNTAS,TR,BNTAS,9,-0.0008716264383263219,0.04407819685569632,0.028957132135641328,-0.19788186480466424,-0.7084658952843758
TR_BRISA,TR,BRISA,10,0.0024079329565106374,0.1309560848956761,0.8864439217407658,0.009885499524009736,-0.49672339714723435
TR_BRKO,TR,BRKO,11,-1.0945919512934767e-05,0.10406559171831854,0.05834666758142637,-0.1433558442653158,-0.5622620552565708
TR_BRKSN,TR,BRKSN,11,0.008178529981740363,0.4308502678262254,0.48015273319571494,0.375465624836688,0.23419151000715632
TR_BRMEN,TR,BRMEN,8,0.0013879839631798594,0.8224063063678783,0.7308288506012226,-0.054730532259904666,1.188508605323044
TR_BRSAN,TR,BRSAN,11,1.3883577700522054e-05,0.11034191096872055,0.2896732136775535,-0.14178284052531112,-0.5469651420008667
TR_BSOKE,TR,BSOKE,10,0.01097512914337313,0.2816510445442297,0.4663193765061522,0.5526363868027494,-0.12944320730218803
TR_BTCIM,TR,BTCIM,11,0.012135260250103804,0.3193428950839952,0.4626075319753158,0.6261332665057385,-0.03757901984600808
TR_BUCIM,TR,BUCIM,10,0.007407415573345161,0.3445116134807712,0.2882329663267573,0.32661381612105383,0.023763255253855347
TR_BURCE,TR,BURCE,11,0.0023812224803254566,0.2958495048485656,0.16998007306065543,0.008193331592642015,-0.09483811361991965
TR_BURVA,TR,BURVA,11,0.004845410504163646,-0.0851546243294794,0.06222382516219227,0.1643051104276757,-1.0234376449022657
TR_CCOLA,TR,CCOLA,7,0.01969776782745945,0.39463297857808427,0.2952783104342901,1.1052349011754534,0.14592118628994302
TR_CELHA,TR,CELHA,10,0.0025227419760312647,0.1832604576397746,0.06754346081975582,0.017158905648171692,-0.3692449466670032
TR_CEMAS,TR,CEMAS,6,0.01850198889268415,0.3550575099744933,0.8133627267427037,1.0294796524706606,0.04946616446418105
TR_CEMTS,TR,CEMTS,6,-0.04220470347215109,0.9566106248799462,0.7161422534577786,-2.816424004468748,1.5155971004929651
TR_CLEBI,TR,CLEBI,8,0.010863492402926282,-0.3973770113758449,0.6855984322879092,0.5455639515965442,-1.784399377502347
TR_DARDL,TR,DARDL,11,0.02152652950234007,0.7050698393117631,0.6946920506429287,1.2210910109240398,0.9025311579245195
TR_DENGE,TR,DENGE,6,0.009210851381083851,-0.11311114289797836,0.5098367518761138,0.4408654759933242,-1.091574465610744
TR_DERIM,TR,DERIM,10,0.00028415834017541254,0.4188456342243187,0.4136021875632998,-0.12466033463858421,0.20493330443338534
TR_DESA,TR,DESA,6,-0.042000142087480374,1.3446550919625286,0.8043363857727509,-2.8034645868703447,2.461355643916011
TR_DEVA,TR,DEVA,8,0.002926771190468163,-0.002765872027224142,0.13179396578398295,0.04275505284022832,-0.8226362600567492
TR_DGGYO,TR,DGGYO,8,-0.000869513365317702,0.3661339441798291,0.4168820431871878,-0.1977479969410951,0.07646212283750368
TR_DGNMO,TR,DGNMO,6,0.010179193682909855,0.965926037090507,0.3381347001256021,0.5022121093658087,1.538301020870653
TR_DIRIT,TR,DIRIT,10,0.0025231527011771713,0.09219170115534552,0.04054247079674189,0.017184925997479245,-0.5912016083135458
TR_DITAS,TR,DITAS,7,0.02016308126864747,-0.49516287037429785,0.8602911048277947,1.1347135401092505,-2.022727248194719
TR_DOAS,TR,DOAS,10,0.0005141691388128129,-0.13320989244895504,0.14941289853407802,-0.11008864019839194,-1.1405599961682793
TR_DOKTA,TR,DOKTA,10,0.0011233409303042596,0.5030908476392022,0.30139988538501905,-0.0714962555808703,0.4102593355675119
TR_DUNYH,TR,DUNYH,6,-0.021531100043159866,1.3446550919625286,0.4867887326802218,-1.506705356780929,2.461355643916011
TR_DURDO,TR,DURDO,7,0.0018711974833822002,0.6598361067961058,0.3154822783986114,-0.024117883603967785,0.7922855737026181
TR_DYOBY,TR,DYOBY,6,-0.0032759711907269146,0.8026275165692861,0.5875110973422875,-0.350202439614252,1.1403028943352715
TR_ECILC,TR,ECILC,7,-0.006680708745837021,-0.3693815733031414,0.08232399505721921,-0.5659001181407444,-1.716167700516484
TR_EDIP,TR,EDIP,7,0.010197695860821044,0.30146540119196297,0.5464512099816956,0.5033842633889986,-0.08115081127109894
TR_EGPRO,TR,EGPRO,6,0.0035800475404235347,0.5102343125396178,0.3927150124101212,0.08414155909535646,0.4276696932257566
TR_EKGYO,TR,EKGYO,7,-0.00016326550193454872,0.4367878797775329,0.12604548129689497,-0.15300562777745627,0.24866291137179633
TR_EKIZ,TR,EKIZ,7,0.008937206177625778,0.30132916787952485,0.5421678823746394,0.4235294451919994,-0.08148284491689693
TR_EMNIS,TR,EMNIS,6,0.011338657118841048,0.6139440512840721,0.4746423035719469,0.575666690642227,0.6804354965656757
TR_ENJSA,TR,ENJSA,7,0.0008491929132139881,0.010489289713010082,0.044804767271060086,-0.08886414074143459,-0.7903302139107209
TR_ENKAI,TR,ENKAI,7,0.006650265133668789,0.1496832252624637,0.7786920717640651,0.2786466558069236,-0.45108081105670084
TR_FENER,TR,FENER,8,0.004705083162588753,-0.04607419254005616,0.16133852134214044,0.15541506198148358,-0.9281891479364716
TR_FLAP,TR,FLAP,6,-0.0012353749513851731,0.07114395823659354,0.035150242635921924,-0.22092614018985482,-0.6425000660259844
TR_FRIGO,TR,FRIGO,6,0.01644958385454057,-0.1886320865791316,0.38587008163214964,0.8994552394408786,-1.2756373340515947
TR_FROTO,TR,FROTO,7,0.020169664302641326,0.3910255827714556,0.880644404110539,1.1351305899191555,0.13712908720584127
TR_GEDIK,TR,GEDIK,9,0.0018289945707651344,0.21019230690288437,0.4024966852884341,-0.026791531757815908,-0.30360549373969975
TR_GEREL,TR,GEREL,6,0.018909885342134496,0.5830416152722785,0.8524199853189743,1.0553207975814158,0.6051187600832096
TR_GLYHO,TR,GLYHO,6,-0.010064051156834796,0.2802959074118743,0.5598550397910521,-0.7802423668163093,-0.13274600538115697
TR_GOLTS,TR,GOLTS,7,0.0212574804687527,0.20949956936649577,0.5805088023625148,1.2040461576819765,-0.30529386324104846
TR_GSDDE,TR,GSDDE,7,-0.04220470347215109,1.3446550919625286,0.8865137329612328,-2.816424004468748,2.461355643916011
TR_GSDHO,TR,GSDHO,7,0.0032584343584475027,-0.026958640581909554,0.35441030190017264,0.06376665042387003,-0.8815999085315533
TR_GSRAY,TR,GSRAY,7,0.005238446538437788,-0.14296015316426142,0.22464650917965268,0.18920481526482275,-1.164323747888364
TR_GUBRF,TR,GUBRF,8,-0.006623904457668765,0.10187531433483539,0.1038063323306746,-0.5623014404482881,-0.5676002928133883
TR_HATEK,TR,HATEK,6,0.032179881547735656,-0.123608124767937,0.941094347925265,1.8960045005903452,-1.1171581580115364
TR_HEKTS,TR,HEKTS,7,0.032179881547735656,1.0392860533545842,0.5124757675603682,1.8960045005903452,1.7170971847459626
TR_HLGYO,TR,HLGYO,11,-0.001427893766479918,0.17623039524270542,0.14799622977055815,-0.23312263428564262,-0.3863789149021702
TR_HURGZ,TR,HURGZ,10,-0.013756284568245639,-0.24158594735703667,0.11668790017570896,-1.0141535457334505,-1.4046987444988672
TR_ICUGS,TR,ICUGS,6,0.015982956055194165,0.8186470967952905,0.24246796819799277,0.8698933330014582,1.1793464992465876
TR_IHGZT,TR,IHGZT,6,-0.026079531297456385,0.39518782007208464,0.7385464103516054,-1.794858568771265,0.14727346966906613
TR_IHLAS,TR,IHLAS,10,0.005455745549341405,0.09605275023806145,0.5291421691053468,0.2029711897472452,-0.581791294634786
TR_INDES,TR,INDES,7,0.012156755726715466,-0.15146503081485765,0.7539631042137115,0.6274950526431156,-1.1850521988292901
TR_INGRM,TR,INGRM,7,0.0043166894712531375,0.0328673588453555,0.6358250273872441,0.1308094598698935,-0.7357894283498664
TR_ISBIR,TR,ISBIR,7,0.032179881547735656,1.1960384943548408,0.8461102523540978,1.8960045005903452,2.09914092677633
TR_ISDMR,TR,ISDMR,6,-0.0012039139298900279,0.29775888005783707,0.3103834348188176,-0.2189330146726208,-0.0901845028357093
TR_ISGYO,TR,ISGYO,8,0.0038184904317583187,0.06081565711358689,0.28298191048756305,0.0992474453170022,-0.6676726425081806
TR_ISMEN,TR,ISMEN,10,-0.0025746233051324938,0.11897336381953005,0.09326377211170833,-0.30577049491556924,-0.5259281965776272
TR_IZINV,TR,IZINV,10,-0.00031062952063120886,0.016578958502287463,0.006574061447076285,-0.16234146533224725,-0.7754882131282435
TR_JANTS,TR,JANTS,6,-0.04220470347215109,1.1607528348308045,0.6535180111186876,-2.816424004468748,2.013141210800295
TR_KARSN,TR,KARSN,6,0.019429871238827195,1.3446550919625286,0.8990903730406827,1.0882630578783348,2.461355643916011
TR_KATMR,TR,KATMR,7,-0.011286080492197328,0.2580307402529232,0.21107732401078505,-0.8576606366425269,-0.18701162143190417
TR_KCHOL,TR,KCHOL,6,-0.03640789899536842,0.5681544744136279,0.8373831656442666,-2.449183578951262,0.5688351847495231
TR_KLGYO,TR,KLGYO,9,-0.01889732855372196,1.0728952823458198,0.5175374956014821,-1.3398500891294267,1.7990110326492699
TR_KLMSN,TR,KLMSN,11,-0.002224605048418884,-0.09887132954432909,0.017771452862361925,-0.2835960617344562,-1.056868584511047
TR_KNFRT,TR,KNFRT,7,-0.01724724205040619,-0.49516287037429785,0.04454997988457121,-1.2353134479428203,-2.022727248194719
TR_KORDS,TR,KORDS,11,0.0025323510434687568,0.3393992871610167,0.34795919334681,0.01776766139087519,0.011303275267475738
TR_KRDMA,TR,KRDMA,11,0.02352017566278746,0.11245486559408596,0.7302116194379842,1.34739291867794,-0.5418153587715665
TR_KRDMB,TR,KRDMB,11,0.023520175472701625,0.11245486501670227,0.7302116135888436,1.3473929066355805,-0.5418153601787907
TR_KRDMD,TR,KRDMD,11,0.023520175731970003,0.11245485543712691,0.7302116313896507,1.3473929230608077,-0.5418153835265408
TR_KRONT,TR,KRONT,10,0.019926090162624574,0.5765890649114427,0.3993629925617923,1.1196996277083249,0.5893923288406552
TR_KRSTL,TR,KRSTL,9,-0.004827239940301615,-0.022474164078941296,0.31430556761254236,-0.4484787568451513,-0.870670150925811
TR_KRTEK,TR,KRTEK,11,0.010841489845038821,0.4657601219022855,0.2691204610532981,0.5441700407352366,0.31927529689970147
TR_KUYAS,TR,KUYAS,10,0.006334119347145243,-0.06389871917944433,0.3363288339247349,0.25861811876837476,-0.9716318453118871
TR_LKMNH,TR,LKMNH,11,-0.006073922346417923,0.3092611116571458,0.23930282694924065,-0.5274588534036989,-0.06215077287361792
TR_LOGO,TR,LOGO,10,0.0017100742252671019,0.018591723494971134,0.017633897185374448,-0.0343253995048307,-0.7705826163494901
TR_LRSHO,TR,LRSHO,7,0.013273789081598885,0.18586469201302686,0.36911697075918926,0.6982615941415604,-0.3628977954600898
TR_LYDHO,TR,LYDHO,6,0.00029177249493164014,0.09308020944571113,0.007226530831676348,-0.12417796104053853,-0.5890360979718235
TR_MAKTK,TR,MAKTK,7,0.0005827600347223636,0.23883801322213902,0.05428850571154409,-0.10574325475347358,-0.23378895521898174
TR_MARTI,TR,MARTI,11,0.002152341611762568,0.3557993155916894,0.400933486103914,-0.0063067792702481895,0.051274124787122906
TR_MAVI,TR,MAVI,8,0.004051593750119687,0.24832125773270122,0.17378550844951912,0.11401505774337115,-0.21067598679383168
TR_MEGAP,TR,MEGAP,8,0.010880843251149573,1.1295928851538943,0.33352864410469374,0.5466631663294426,1.9371968510182025
TR_MERKO,TR,MERKO,10,0.03065920029287751,0.7135780164127765,0.7712360470644615,1.7996659690170804,0.9232676504268782
TR_METRO,TR,METRO,9,0.012225236156371161,0.06361099324700288,0.29369620541959907,0.6318334398057504,-0.6608597299319663
TR_MGROS,TR,MGROS,10,0.003481622323901494,0.2140541897668621,0.13020242122661962,0.07790610324343397,-0.29419314793364887
TR_MNDRS,TR,MNDRS,11,0.02271351886269073,0.63147183688366,0.5373190085835,1.296289420586779,0.723154964009003
TR_MNDTR,TR,MNDTR,11,-0.008853810667583078,0.9242917875241518,0.552927095619461,-0.7035709465482294,1.436828250179123
TR_MPARK,TR,MPARK,7,0.0020550544981255926,-0.09698982049348324,0.4118992106317073,-0.01247013377918626,-1.0522828903179469
TR_MRGYO,TR,MRGYO,11,0.0023552400111472803,0.40499510329661104,0.337359469670252,0.0065472845204653995,0.1711761990832995
TR_MRSHL,TR,MRSHL,6,-0.015865006714305088,0.7013345003229181,0.7426958774506417,-1.1477457725057478,0.8934272302539581
TR_MZHLD,TR,MZHLD,7,0.030140042091495848,0.5779615255213684,0.9642393271816424,1.766776145054601,0.5927373484388152
TR_NATEN,TR,NATEN,6,0.004609297042569079,0.5829473815250392,0.49381343597564187,0.14934679874859677,0.6048890895709604
TR_NETAS,TR,NETAS,11,-0.0013796582853236729,0.3741705175438071,0.17268412633639219,-0.2300668095298124,0.09604920257599854
TR_NTHOL,TR,NTHOL,11,0.01450918894854065,0.5801194082932293,0.5639451723689106,0.7765269168097737,0.5979966324650413
TR_NUGYO,TR,NUGYO,11,0.0038642742403479017,0.3283416535222494,0.3682089350204827,0.10214795117597875,-0.015646861562282493
TR_NUHCM,TR,NUHCM,11,0.0008794718227688116,0.27196343309283066,0.17768549863842442,-0.0869459046384825,-0.15305426756135593
TR_ODAS,TR,ODAS,10,0.0014831476794180875,-0.14211678057061064,0.03629615655881413,-0.048701699687558025,-1.1622682441938241
TR_ORGE,TR,ORGE,10,0.01786381980713229,0.1940415798439131,0.4229403142106748,0.9890502249353983,-0.3429687353118702
TR_ORMA,TR,ORMA,11,0.00013171962373152162,0.7654367433272009,0.6798121402458377,-0.13431766555536973,1.0496599538633855
TR_OSMEN,TR,OSMEN,9,-0.04220470347215109,-0.26036610766974005,0.7259316294559814,-2.816424004468748,-1.4504705530653674
TR_OSTIM,TR,OSTIM,11,0.001350680781910841,0.6171700288203406,0.27275491242682226,-0.0570937715613609,0.6882979867559234
TR_OTKAR,TR,OTKAR,11,-0.0007824704967036916,0.4144652412571717,0.17800031361943236,-0.19223363808422828,0.19425722366517834
TR_OTTO,TR,OTTO,10,0.006415855237683942,-0.05529890668895404,0.6282309192941805,0.2637962687890811,-0.9506720151257592
TR_OYAKC,TR,OYAKC,10,-0.0119894475427274,0.1049579718557253,0.36822521039332223,-0.9022204999199935,-0.5600871082839243
TR_OYLUM,TR,OYLUM,11,9.218198454830197e-05,0.6939831343857135,0.33742760196822197,-0.13682246272349174,0.8755101673121463
TR_OZGYO,TR,OZGYO,8,-0.0053695050587853985,1.333813827733837,0.8794164582895605,-0.48283245527553237,2.4349328518507662
TR_OZKGY,TR,OZKGY,8,-0.004543786558813858,0.2019742016788667,0.04011378025855605,-0.43052135620332244,-0.32363501067830924
TR_OZRDN,TR,OZRDN,9,0.0031576186128260087,0.3641835536493539,0.720309686973871,0.05737974924940625,0.07170854776123349
TR_PARSN,TR,PARSN,8,0.015301881782406998,0.33912589803007576,0.8681795750330609,0.8267457666570797,0.010636959604710812
TR_PENGD,TR,PENGD,11,0.01083694436679587,0.46682404258803956,0.23374703087093984,0.5438820746030671,0.3218683298210091
TR_PETKM,TR,PETKM,11,0.012731263406051452,1.3186109059338704,0.6363031842226133,0.6638913888430749,2.3978796417240753
TR_PETUN,TR,PETUN,7,-0.041474508883114915,-0.2627160017984778,0.23691652737868618,-2.7701645571021456,-1.4561978153688406
TR_PGSUS,TR,PGSUS,11,0.0011885158798097702,-0.01903279411004566,0.03452494442800824,-0.06736727791992829,-0.8622826971022008
TR_PINSU,TR,PINSU,11,-0.0033609981198859723,0.43564638971629,0.4288275629142284,-0.35558908423369384,0.24588082305658468
TR_PKART,TR,PKART,7,-0.00631690537266988,0.5534805652175093,0.08772677855161748,-0.5428523672459704,0.5330713067280652
TR_PKENT,TR,PKENT,7,-0.0005465868982807206,0.31805840592759543,0.5145874950322435,-0.17728988874708887,-0.040709631661536995
TR_PNSUT,TR,PNSUT,6,0.032179881547735656,0.27777494525820684,0.5071215372114148,1.8960045005903452,-0.1388902019790427
TR_POLHO,TR,POLHO,11,0.01055496526718006,0.6493295041681462,0.6992209587571103,0.5260180729889533,0.7666784331796502
TR_PRZMA,TR,PRZMA,9,-0.004710011824715346,0.17801718222648266,0.05424514819299153,-0.4410520956177559,-0.38202408137525695
TR_RALYH,TR,RALYH,7,-0.03475776491137083,-0.09017783180460809,0.24284732522786334,-2.3446439234228906,-1.0356804206354355
TR_RODRG,TR,RODRG,10,0.002467299244194419,-0.24177284941237762,0.09257627092495213,0.013646485570322928,-1.40515427016826
TR_RUZYE,TR,RUZYE,6,-0.002274472789637295,-0.49516287037429785,0.6693507227558195,-0.286755293786873,-2.022727248194719
TR_RYGYO,TR,RYGYO,11,0.014259998156187515,0.3878407755509142,0.7494411218376429,0.7607401272112403,0.12936693906692334
TR_RYSAS,TR,RYSAS,7,0.031070402817799974,0.5943984726436076,0.905286374314395,1.8257165613444937,0.6327981777698575
TR_SAFKR,TR,SAFKR,8,-0.0032053276095733905,-0.23061868464695853,0.12598186967096459,-0.34572701200464284,-1.3779688635550575
TR_SAHOL,TR,SAHOL,11,-0.005441534821420114,0.25575121337900464,0.15956381782581242,-0.48739570055762577,-0.19256738165747678
TR_SAMAT,TR,SAMAT,10,-0.000937777721038561,-0.24191996128397616,0.08370930676284105,-0.20207269534053449,-1.4055128175029232
TR_SANFM,TR,SANFM,10,0.0026125278071040445,0.6944226864897431,0.27977717314829187,0.022847037262869407,0.8765814624675471
TR_SARKY,TR,SARKY,11,-0.00021988665768318808,0.5118491771989653,0.24061053280535905,-0.15659270362479671,0.43160551032303984
TR_SASA,TR,SASA,11,0.01284477135504052,0.44342075971027267,0.28566169121394225,0.6710823692622553,0.2648288495464872
TR_SAYAS,TR,SAYAS,10,-0.0015439474142991952,0.8203278204026585,0.7671034861506298,-0.2404748903740975,1.1834428305839517
TR_SEKUR,TR,SEKUR,10,-0.010981553597367362,0.6119581297833947,0.7087038376797405,-0.8383681821726902,0.6755953238917706
TR_SELEC,TR,SELEC,6,0.030606686919795453,-0.08042556524527329,0.8307267891728812,1.7963391303159901,-1.0119117801866417
TR_SEYKM,TR,SEYKM,6,-0.026334265581752267,-0.49516287037429785,0.05705482741216772,-1.8109965508842365,-2.022727248194719
TR_SILVR,TR,SILVR,10,0.008856193658722698,0.47565198832553907,0.48593490329901723,0.418397122369422,0.343384176097303
TR_SISE,TR,SISE,8,0.007395034336843805,0.41157355591454076,0.6758697449753012,0.3258294373172833,0.18720948468246426
TR_SKTAS,TR,SKTAS,6,0.01513298168568096,0.2424691787814994,0.9757358479199306,0.816045570775013,-0.22493892347863031
TR_SNGYO,TR,SNGYO,11,0.011708723596320126,0.3604523504083572,0.2799043466745609,0.5991112230916985,0.06261469991191115
TR_SNPAM,TR,SNPAM,7,-0.00024142548310402187,-0.2925171298954301,0.14152788327326382,-0.1579572360054169,-1.528830397178953
TR_SOKM,TR,SOKM,6,-0.008566103011171791,-0.03803454689047939,0.30951232734586964,-0.6853440281506364,-0.9085945802923386
TR_SRVGY,TR,SRVGY,9,-0.004369343994175038,0.8239083538379658,0.41230493004919866,-0.4194700326813882,1.192169459549732
TR_TATGD,TR,TATGD,7,0.0005056431766709102,0.1809200191907394,0.03162563893360093,-0.11062877881743265,-0.37494916318417815
TR_TAVHL,TR,TAVHL,11,-0.0017231192883383423,-0.011929466949857729,0.2321262821145046,-0.2518258261399044,-0.8449701648581913
VN_AAA,VN,AAA,11,0.005402821656425762,0.002010094422480103,0.4223439706818698,-0.10821187529611587,0.8081430093632435
VN_AAT,VN,AAT,8,0.01573883341291254,0.0032113591808824206,0.5664579576571698,0.3411271984979212,1.2474435064168157
VN_AAV,VN,AAV,8,0.0028570596741693418,0.0007857814427527413,0.24097817914583886,-0.2188841885787768,0.36041381662583283
VN_ABS,VN,ABS,6,0.10023606717305704,0.003337934672908691,0.5288086885108159,4.014488805513634,1.2937319504696447
VN_ABT,VN,ABT,11,0.031260120329333514,-0.0012236981643572327,0.5491511965597669,1.015886559403165,-0.37444948811017464
VN_ACC,VN,ACC,8,-0.022318269693523834,-0.0023408536936075446,0.5365627715282688,-1.3133352638147942,-0.7829913818543387
VN_ACL,VN,ACL,11,0.006653554321489404,-0.0009677044910469396,0.3262842764132161,-0.053838576336685345,-0.2808330333351665
VN_ADP,VN,ADP,9,-0.0025129669693709075,0.0005686972644340482,0.05193334042880959,-0.45233620615638126,0.2810264985755606
VN_ADS,VN,ADS,10,0.008595079853338215,-0.0004711933676349226,0.7440511269658623,0.030565670173667955,-0.099259752522681
VN_AGG,VN,AGG,6,0.06942126768170583,0.0029700997952742487,0.39121335190206896,2.6748721536746953,1.1592153558153864
VN_AGM,VN,AGM,11,0.015995439824849193,-7.77754887957481e-05,0.3585684644366951,0.35228268962793685,0.0446125025442816
VN_ALT,VN,ALT,11,0.008334547504613281,0.00035013449677942943,0.43580140071114215,0.019239506172744066,0.20109846289774877
VN_AMC,VN,AMC,11,0.0124465224389615,-2.9943281763020926e-05,0.20356464734584223,0.19800004282797234,0.062104660020534656
VN_AME,VN,AME,11,0.008202656832715692,-0.003277130475686089,0.3025308598652148,0.013505802134013414,-1.1253862226834843
VN_AMV,VN,AMV,11,0.0028709069534573334,-0.0044893972069445665,0.08768597847801429,-0.218282203616257,-1.56871012266341
VN_ANV,VN,ANV,11,0.004456312509661377,-0.00021330659967705136,0.29453510792607007,-0.14935961712968884,-0.00495099622643575
VN_API,VN,API,9,0.005015552630700017,-0.0009242917110509443,0.029850138020854677,-0.1250476829004866,-0.2649570528759688
VN_ARM,VN,ARM,7,0.10023606717305704,0.007140107367205358,0.8423071849308015,4.014488805513634,2.6841800950647965
VN_ASM,VN,ASM,11,0.003962059667095859,-0.0005739862765551815,0.07351921759549818,-0.17084634912368837,-0.13685094602636047
VN_ASP,VN,ASP,11,0.014636859601571319,-0.00016810774430135917,0.7844329616293856,0.29322091671349965,0.011578148988148277
VN_AST,VN,AST,7,-0.051400486889251605,-0.0004500473770348951,0.7283007829917121,-2.5776310914974716,-0.09152669940819753
VN_ATS,VN,ATS,6,0.010732926494459656,-0.0007530188256761247,0.07601106578609607,0.12350461531682988,-0.20232284742651624
VN_BBS,VN,BBS,11,0.017391246042269944,0.0006831583072351025,0.7023145989194659,0.412962794073269,0.3228847089692872
VN_BCC,VN,BCC,11,0.004909461149610111,-0.0009275178056718756,0.4396233489405542,-0.12965981463693302,-0.26613683024028756
VN_BCE,VN,BCE,11,-0.00048746209161199856,0.0030102288310578902,0.09438202923854555,-0.36428111225942444,1.1738904765518678
VN_BCF,VN,BCF,11,0.016470954498350152,-0.0005248009961649372,0.2989837926311141,0.37295481423463533,-0.11886397190427675
VN_BCG,VN,BCG,7,0.10023606717305704,0.007663404221259934,0.7296402830253605,4.014488805513634,2.8755488724178364
VN_BCM,VN,BCM,9,-0.0020901369349035455,0.0004220814848945533,0.10841635842151764,-0.4339544491947924,0.2274093551630957
VN_BFC,VN,BFC,11,0.009527049438664463,0.0005912046302337467,0.7477912565540774,0.07108133135331912,0.2892574043055552
VN_BHN,VN,BHN,11,0.007520893596368369,5.5551403370928094e-05,0.5056444856906128,-0.016132598864792912,0.09336992224693545
VN_BKC,VN,BKC,11,-0.01088824085828989,-0.0006842335652942295,0.06893063600154592,-0.8164358125308037,-0.17716819366316508
VN_BMC,VN,BMC,6,-0.00018858602986358274,-0.00011856728037503743,0.21982505423611454,-0.351288025957935,0.029695013130606518
VN_BMP,VN,BMP,11,0.002066155006162593,6.574450843524777e-05,0.0037279338102914616,-0.2532673122975069,0.09709752358540347
VN_BPC,VN,BPC,11,0.026571433282195942,0.0004570468445673918,0.7608865825007665,0.812054525858052,0.24019612825079045
VN_BRC,VN,BRC,11,0.001929235988608333,0.001091015602396351,0.10892241565759841,-0.259219614402234,0.47203743424323985
VN_BSR,VN,BSR,10,0.00304184169738561,-0.000628625619480785,0.4060131050035364,-0.21085113045907436,-0.15683246162315723
VN_BTP,VN,BTP,11,0.0018382977421156745,7.227697214324708e-05,0.6381787936612402,-0.26317298717445636,0.09948643455098045
VN_BTS,VN,BTS,11,0.003378058837437629,0.0004468345892130287,0.4833802617403058,-0.1962347095547695,0.23646152368353715
VN_BTW,VN,BTW,6,0.10023606717305704,0.0004456012333511598,0.5785621426016605,4.014488805513634,0.23601048752404513
VN_BWE,VN,BWE,11,-0.0015958106078209284,0.0005205673707536401,0.17091052754542801,-0.412464522596759,0.26342547759409135
VN_BXH,VN,BXH,11,0.009871089728077919,-7.520792088361799e-05,0.444436288267937,0.08603784926709325,0.045551457801337264
VN_C32,VN,C32,11,0.008593822589973802,-0.0030635892643276997,0.2990269885090092,0.030511012964582845,-1.0472945616778555
VN_C47,VN,C47,11,0.006190017269691427,6.096002287489773e-05,0.5129211732378022,-0.07398999590075497,0.09534784528167725
VN_C69,VN,C69,7,0.0599081425117564,-0.0012916376706482765,0.4947891863868997,2.2613065586018077,-0.39929485102827506
VN_CAN,VN,CAN,11,0.010965563830555332,2.9127968576816053e-05,0.37639044444382763,0.13361809502195304,0.0837069166873996
VN_CAP,VN,CAP,9,0.00490584671385083,-0.009108619009568128,0.24703957896819806,-0.12981694557434165,-3.2579517487909424
VN_CCL,VN,CCL,11,0.0044023865784149,-4.9370766458336506e-05,0.08804130495957585,-0.15170394766748704,0.05500006161834421
VN_CCR,VN,CCR,8,0.01125109014329476,-0.0028337312196211563,0.09446231224954083,0.14603082557342928,-0.963235862223752
VN_CDC,VN,CDC,11,0.000897506823480944,-0.0003616373214640714,0.021963906530699684,-0.30407213957217566,-0.05919529112776807
VN_CDN,VN,CDN,11,0.0013616998786006298,-0.0011571725988936707,0.056647929856832646,-0.2838922014719504,-0.3501212009690604
VN_CEO,VN,CEO,10,0.010772481701508144,-0.0012618619558009932,0.2704081857392433,0.12522420508874982,-0.3884059223045739
VN_CHP,VN,CHP,11,-0.012105809213713018,0.0004205170371716882,0.5104195591804883,-0.8693673542120911,0.22683723926819258
VN_CIG,VN,CIG,11,0.0015692762125370167,2.5746236411393887e-05,0.043472891716478945,-0.2748682026772507,0.0824702229354345
VN_CII,VN,CII,11,0.0003450678733030756,-0.0002760573363316168,0.012350173184895286,-0.32808840542490025,-0.027898834835712674
VN_CJC,VN,CJC,11,0.008828133608330532,-0.0010934781870986648,0.19682366497850845,0.04069725292334401,-0.3268282619517736
VN_CKG,VN,CKG,11,0.0016609738469877506,0.0009089807350490021,0.18353207763193657,-0.27088181691222507,0.4054675901290007
VN_CKV,VN,CKV,7,-0.037673874469095,-0.005451292393519265,0.8215887584192582,-1.9808918988072175,-1.9204735708292495
VN_CLC,VN,CLC,11,0.009135355867548321,-0.00015726807058781634,0.1659684900056546,0.05405317478742238,0.015542199391650666
VN_CLH,VN,CLH,11,0.001202736549339097,0.0005185881211741732,0.025733237736328518,-0.29080283942597224,0.26270166935950257
VN_CLL,VN,CLL,8,0.008850671766795312,-0.0011938344622355141,0.04265266442437676,0.041677057850832776,-0.36352838258854153
VN_CLM,VN,CLM,11,-0.012154896787525498,-0.0022319057532573005,0.15074988309571558,-0.871501346071945,-0.7431493037328759
VN_CLW,VN,CLW,11,-0.0027531089670010576,-7.929743754097491e-05,0.07183811529297746,-0.46277593719930127,0.04405592845385591
VN_CMC,VN,CMC,11,0.014011469658169719,0.00213808660640646,0.14421141117711267,0.26603324079470825,0.8549495352556727
VN_CMG,VN,CMG,11,0.014385199211197772,-0.0011053193429385961,0.5661348794891461,0.2822804447611407,-0.331158552680596
VN_CMS,VN,CMS,11,-0.008921365244091756,-0.0013174198930912505,0.048199767781365144,-0.7309295178812055,-0.4087233663119566
VN_CMV,VN,CMV,11,-0.0011297894891864255,0.00058332500778779,0.027484409497205986,-0.3922051128022344,0.28637583966054964
VN_CMX,VN,CMX,11,0.006797536589153532,-0.0010684361986172512,0.8211562847114974,-0.04757921244283513,-0.31767044897994706
VN_CNG,VN,CNG,10,0.00449472200518301,-0.001674151923560524,0.05649969079733519,-0.14768983505617725,-0.5391796684751115
VN_CPC,VN,CPC,11,0.05147662028608256,0.0011274916476289591,0.5321142235398368,1.8947616593876186,0.4853766624934261
VN_CRC,VN,CRC,7,0.01751307051806246,0.0009994153223658805,0.34266272383376795,0.41825888877669254,0.43853936625600337
VN_CRE,VN,CRE,6,0.10023606717305704,0.00038652948194556244,0.5843601241829279,4.014488805513634,0.21440804761827628
VN_CSC,VN,CSC,11,-0.004258760720046218,0.0006569333929280558,0.05165581785738471,-0.5282313739875852,0.31329430201720504
VN_CSM,VN,CSM,11,0.006394725184058317,0.0007171279286077919,0.16857048502447258,-0.06509069636365843,0.33530734223923475
VN_CSV,VN,CSV,10,0.015355774728064512,-0.001446607696294176,0.5723304176566145,0.3244744277084189,-0.45596712815825
VN_CTB,VN,CTB,11,0.00685788626984521,-0.0010791468893035531,0.10968902243313605,-0.044955621229449974,-0.32158733050782723
VN_CTF,VN,CTF,8,0.02231840273342877,-2.662143480155104e-05,0.5717386585790537,0.6271618561683694,0.06331945385436898
VN_CTI,VN,CTI,11,0.006928510629213937,-0.0003147577948325279,0.28717223149231286,-0.041885357284933394,-0.04205152726819766
VN_CTR,VN,CTR,6,0.0070113765701100665,0.0010133188900078548,0.014410512113888996,-0.038282913130594065,0.44362387750401555
VN_CTT,VN,CTT,11,-0.000855991126550812,-0.001697781551114322,0.36770365031787466,-0.3803022332804693,-0.5478209834366694
VN_CVN,VN,CVN,7,0.010698200806454238,-9.682154238970682e-05,0.2180097092538602,0.1219949799900877,0.037647392852840154
VN_CVT,VN,CVT,11,0.0008634547738188686,-0.002624597433778374,0.17745631635467352,-0.3055524897126776,-0.8867559892991353
VN_CX8,VN,CX8,10,0.010794641469308232,0.00012728041431428065,0.22610108748154867,0.1261875601790276,0.11960110062803188
VN_D11,VN,D11,7,0.08178885839161447,-0.009108619009568128,0.985956188356532,3.2125303806176375,-3.2579517487909424
VN_DAD,VN,DAD,7,0.009312797425298072,-0.0014567520037002124,0.4011474686576596,0.06176711969095886,-0.459676884275347
VN_DAH,VN,DAH,9,-0.005990999022058562,-0.0030210413202837196,0.7016639966726375,-0.603537243655186,-1.0317348502683679
VN_DAT,VN,DAT,10,0.013112770160245474,-0.00013142409528765428,0.6819170960159688,0.22696393538655482,0.024993297591102793
VN_DBC,VN,DBC,11,9.02801140891624e-05,-0.00035720838269306135,0.012117464701962177,-0.33916483397746916,-0.057575635685522146
VN_DBD,VN,DBD,10,0.02213667837971922,0.0001145589591347199,0.4783551439454018,0.619261724598722,0.11494888591471711
VN_DBT,VN,DBT,11,0.011291365366091346,0.00039042303682008223,0.5884779203337751,0.14778171670384124,0.21583191407212682
VN_DC2,VN,DC2,11,0.020303954523781746,-0.004485115382076715,0.3519204676266021,0.5395874305529211,-1.5671442665275443
VN_DC4,VN,DC4,10,-0.0012129417923954632,-0.0002852291801565118,0.005991127295218446,-0.39582000603069284,-0.03125296266056698
VN_DCL,VN,DCL,11,0.00582145038920003,0.0015908223679699854,0.30101379506549675,-0.09001276218749275,0.6548159258384298
VN_DCM,VN,DCM,9,0.016031039055298082,-6.568923243613329e-05,0.5355009883680413,0.3538303006034803,0.049032426119961385
VN_DDG,VN,DDG,8,-0.02802952084330716,0.001967185715822598,0.39871716094454934,-1.5616213883190735,0.7924513676741639
VN_DGC,VN,DGC,10,0.00958992620959459,0.0005539110542104371,0.49912424245943976,0.07381478316031535,0.27561920642340415
VN_DGW,VN,DGW,10,0.007874803218543398,-0.0015099134049242934,0.281049463346692,-0.0007470298869787492,-0.47911791908341356
VN_DHC,VN,DHC,11,0.0044429792082583955,-0.002399676733319014,0.23706710162446565,-0.14993925785032486,-0.8045028683128435
VN_DHG,VN,DHG,11,0.008230061075122877,0.0008900866117229345,0.13386070557020924,0.014697151098331645,0.3985580410804027
VN_DHM,VN,DHM,11,-0.0067795298983880726,0.0005461191291645923,0.07361181360925273,-0.6378171711529015,0.2727697125697791
VN_DHP,VN,DHP,11,0.006758142465200145,-0.0004284846084054323,0.3330538591022115,-0.04929179942388547,-0.0836412312709547
VN_DHT,VN,DHT,11,0.009108328605244943,-0.00019118048233917755,0.4267442310823878,0.052878214338778685,0.0031404875837787874
VN_DIG,VN,DIG,11,0.003518544695643696,-0.0003196714795885943,0.13136301660590777,-0.19012734562226843,-0.0438484534999931
VN_DIH,VN,DIH,11,-0.0015372102224393914,0.003153112442666584,0.5745037379805569,-0.4099169787750534,1.2261427724437337
VN_DL1,VN,DL1,11,0.0409319655252479,-0.00553393301085925,0.31821226324646346,1.4363522152673827,-1.95069510527479
VN_DLG,VN,DLG,11,0.0014388185948333734,-0.0010617053536366022,0.04909067872139683,-0.2805396073243616,-0.3152089903173935
VN_DNC,VN,DNC,11,-0.0029041103650156563,-0.0009524308539817629,0.049697758912749634,-0.46934044485699644,-0.27524749000875454
VN_DNP,VN,DNP,11,0.0064143494833589,-0.0005424641491913986,0.4745631989850071,-0.06423756609645966,-0.12532335718948054
VN_DP3,VN,DP3,10,0.03590460736058861,0.0007464470499051958,0.1785572302269589,1.217797078667313,0.3460292954714712
VN_DPG,VN,DPG,11,0.009186750215518704,-0.00036372586747048105,0.18543643672110244,0.056287449405073346,-0.0599590688814377
VN_DPM,VN,DPM,9,0.012152639845140527,-0.0030415781158021483,0.31352038484493916,0.18522403834744045,-1.0392451217684928
VN_DPR,VN,DPR,11,0.006879151053056489,0.0009876123315807413,0.36443215290619246,-0.044031173945748854,0.4342230324233797
VN_DQC,VN,DQC,11,0.008580299025845402,-0.003911300866144772,0.7651321396341724,0.029923100922393475,-1.357301265388711
VN_DRC,VN,DRC,11,-0.0013587960027256812,0.00045558583228797345,0.02478544215414169,-0.40216074918412525,0.23966183852318412
VN_DRH,VN,DRH,11,0.003273670022993545,-0.006032431052996364,0.5160971471691036,-0.20077282099483484,-2.1329949989154926
VN_DS3,VN,DS3,6,-0.013029342558642897,-0.009108619009568128,0.05157384942840859,-0.9095162653787471,-3.2579517487909424
VN_DTA,VN,DTA,11,-0.0025410725389589856,0.0016344878550707928,0.08435293481879591,-0.4535580440281537,0.6707843208598433
VN_DTD,VN,DTD,6,-0.051400486889251605,-0.000974502291664611,0.016215890412900502,-2.5776310914974716,-0.28331897756130525
VN_DTG,VN,DTG,11,0.006213005008301652,-0.001426423529075065,0.29238230930462406,-0.07299064630449942,-0.4485858122327242
VN_DTK,VN,DTK,8,0.0003591470193017508,-2.1377688857746685e-05,0.002484932973462528,-0.3274763404841957,0.06523708290610247
VN_DTL,VN,DTL,11,0.004698239922867035,-0.00030171679134467186,0.45049612392412364,-0.1388422684330802,-0.037282454277234374
VN_DTT,VN,DTT,11,0.013753691870944227,0.0005662215696546238,0.514200803399637,0.25482682628150055,0.28012114116825554
VN_DVP,VN,DVP,6,-0.004488612747475079,0.0003359738318382418,0.4831815903804979,-0.5382237675285221,0.1959199316008293
VN_DXG,VN,DXG,11,0.04241625045678558,-0.0037745312214162996,0.7144445291529236,1.5008787688449765,-1.3072848368780066
VN_EID,VN,EID,9,0.047333304093925,-0.00028634592217964105,0.7691650018765084,1.7146386192748309,-0.031661353335819764
VN_ELC,VN,ELC,10,0.005366405897072435,-0.004699224634533203,0.2846064058319606,-0.10979498336186098,-1.645443659205143
VN_EVE,VN,EVE,11,-0.00039986959794259975,-0.0009627940569933468,0.004274911800364434,-0.36047318992883925,-0.27903729587978565
VN_EVG,VN,EVG,7,-0.010765507448235219,0.0008154944293229502,0.13154716887303786,-0.8111002035844479,0.3712798057243553
VN_FCM,VN,FCM,11,0.003467167094681504,0.0007873782512938274,0.5225570071934458,-0.19236089219458366,0.3609977668174055
VN_FCN,VN,FCN,11,0.0034336565816806973,-0.0014426292400442206,0.18767523260388796,-0.19381770002616297,-0.4545122134145295
VN_FDC,VN,FDC,9,-0.016659848162837644,0.0009293728709353171,0.20029460223410456,-1.0673458096968564,0.412924959845529
VN_FIR,VN,FIR,6,-0.051400486889251605,-0.0060499165986840735,0.567905937487718,-2.5776310914974716,-2.1393894334963255
VN_FIT,VN,FIT,11,-0.007006813673760524,-0.002690668452840871,0.08470504002487944,-0.6476979146660051,-0.9109180495876551
VN_FMC,VN,FMC,11,0.004552730181915548,0.00023243172948411226,0.23478898683481642,-0.1451680364147311,0.15805475932137486
VN_FPT,VN,FPT,11,0.002178983848409946,0.00018982062578605695,0.08429649015210683,-0.24836228619390738,0.14247195053286654
VN_FRT,VN,FRT,9,0.0004109074671465844,0.0005063915364945179,0.1772402037898292,-0.32522615034880176,0.25824139890317566
VN_GAS,VN,GAS,11,0.005028492362316894,-0.002447897388646079,0.3745122899487846,-0.12448515190140738,-0.8221370806754891
VN_GDT,VN,GDT,11,0.018122554930988376,-0.001679006830855746,0.6025431028251766,0.44475510105355637,-0.5409550998885632
VN_GDW,VN,GDW,10,-0.0033892677231952212,0.0004562878686381341,0.39314867554876287,-0.4904317674197782,0.2399185720329438
VN_GEG,VN,GEG,11,-8.362579586813481e-05,-0.00048716197300764457,0.00290470250691488,-0.34672507310533973,-0.10509944458758355
VN_GEX,VN,GEX,11,0.00804771837583365,0.007663404221259934,0.7922231910667193,0.006770138093503616,2.8755488724178364
VN_GIL,VN,GIL,11,-0.008410335557206253,0.004794314882475662,0.4504517255238668,-0.7087134434807215,1.826327737940073
VN_GKM,VN,GKM,8,0.00704366549924481,6.329410113269168e-05,0.03527319948234131,-0.036879211407625206,0.09620141376575944
VN_GLT,VN,GLT,11,0.01790069509365006,-0.0007740338553932652,0.2100944919192096,0.4351101532564402,-0.21000800836690192
VN_GMD,VN,GMD,11,0.00575802881789726,0.0008527474098651381,0.5178834602492556,-0.0927698981872525,0.3849031579074961
VN_GMX,VN,GMX,9,-0.003368667495712213,-0.009108619009568128,0.3832136349322589,-0.48953621047235585,-3.2579517487909424
VN_GSP,VN,GSP,10,0.0067427402806550536,0.005328878401177292,0.7627638855519543,-0.04996138102856513,2.021816715561178
VN_GTA,VN,GTA,8,0.0009922837447321016,-0.0016855888540166807,0.2131520730651597,-0.29995188748506685,-0.5433621346625312
VN_GVR,VN,GVR,10,0.004699412254941268,6.23187538506301e-05,0.5943039874288354,-0.13879130345540552,0.09584473090895163
VN_HAG,VN,HAG,11,0.0021510975408826315,-0.0005036243993234646,0.1893613918804461,-0.24957459205143456,-0.1111197261388929
VN_HAH,VN,HAH,11,0.005196049460577582,0.0004577888021470896,0.29117299925015716,-0.11720091566852747,0.24046746088689258
VN_HAP,VN,HAP,11,0.017198087455928126,-0.0032640649424104133,0.14821958505729704,0.40456558030000417,-1.1206081791904678
VN_HAR,VN,HAR,11,-0.007221478548293052,4.777285998976826e-05,0.04562020360422181,-0.6570300747071375,0.09052532204552685
VN_HAS,VN,HAS,11,0.014530155750324835,0.006698110727920784,0.1482979389416753,0.2885821633123862,2.5225426691971076
VN_HAX,VN,HAX,11,0.011149532067997946,0.0003649620307530994,0.23846209248147232,0.14161577530401215,0.2065208670756381
VN_HCC,VN,HCC,11,0.02737288219576521,-0.0021583361859638154,0.43808098852486566,0.8468960412317592,-0.716245036997349
VN_HCD,VN,HCD,9,-0.005946401169009626,-0.0031971503617776206,0.4593561179389408,-0.6015984341361629,-1.0961376298577683
VN_HDA,VN,HDA,11,-0.00011642636824818799,-0.0005900453030565843,0.008849522855528091,-0.34815101757603145,-0.1427237049455895
VN_HDC,VN,HDC,11,-0.0015396187755125868,0.0017355885299618096,0.2766269453036444,-0.4100216861837321,0.7077566672317999
VN_HDG,VN,HDG,11,-0.004284417719433496,-0.0031247995227746254,0.2963496015237276,-0.5293467647797618,-1.0696790500035394
VN_HHC,VN,HHC,10,0.009396049265282373,0.000250540111672772,0.046011077598519634,0.06538634009739057,0.16467696416062652
VN_HHP,VN,HHP,6,0.05812580341722928,-0.000757846167035555,0.7257758164554342,2.1838226492574617,-0.20408819802371972
VN_HHV,VN,HHV,8,-0.004814622423942471,0.0038840452879782116,0.5196902162239478,-0.5523964377540389,1.4934436817663728
VN_HID,VN,HID,6,-0.051400486889251605,-0.009108619009568128,0.8686000518344338,-2.5776310914974716,-3.2579517487909424
VN_HII,VN,HII,7,0.07292098131686477,-0.0006534155912660339,0.3896813619223837,2.827015758037351,-0.16589811251404654
VN_HJS,VN,HJS,9,-0.002711511928579439,0.0010076381871082882,0.232390555935439,-0.4609675825691689,0.4415464540301826
VN_HKT,VN,HKT,10,0.01141065723009519,0.007663404221259934,0.6003552680633786,0.15296771077442764,2.8755488724178364
VN_HLC,VN,HLC,11,-0.0036569026399083694,0.000974263901527167,0.16097780542771456,-0.5020667024821689,0.4293415340555935
VN_HLD,VN,HLD,11,-0.0026919861404225407,0.0007541605031486246,0.002086583797418551,-0.4601187348924997,0.34885009231924063
VN_HMC,VN,HMC,11,0.0061217031567419,-0.00010875620193271759,0.0969051097788094,-0.07695982613730991,0.0332829079774303
VN_HNA,VN,HNA,9,0.00021640728709850467,-8.783954302626887e-05,0.002073482116399017,-0.3336816874374403,0.04093209487817974
VN_HOM,VN,HOM,11,0.0068348428250272625,0.0007950697336983435,0.39477418872128345,-0.04595739255048415,0.3638105289664231
VN_HPG,VN,HPG,11,0.009214935720679492,-1.6602796803658486e-05,0.6002555637852153,0.05751276232864053,0.06698325288076146
VN_HPX,VN,HPX,7,0.005431185211636191,-0.001912635216004322,0.1300989804810735,-0.10697882197458093,-0.6263926064862718
VN_HQC,VN,HQC,10,0.037125272233730515,-0.005695443626504039,0.5288510216286111,1.270863235753122,-2.0097592651412213
VN_HRC,VN,HRC,11,0.001692990905516125,0.0011615692606650745,0.33247150883651866,-0.2694899342631249,0.497838788132636
VN_HSG,VN,HSG,11,0.007187342320996039,0.00100213500738328,0.3943631296993958,-0.03063312621225463,0.43953395048201677
VN_HT1,VN,HT1,11,0.0006080861825607622,0.00010291881076112968,0.02336666841573476,-0.3166541688685659,0.11069210327747693
VN_HTC,VN,HTC,6,0.10023606717305704,-0.0037548362211085942,0.4677088106793714,4.014488805513634,-1.3000824084673435
VN_HTG,VN,HTG,11,0.0019656121475713118,0.0007635025449914234,0.2942351399322217,-0.25763822789052154,0.35226646127232225
VN_HTI,VN,HTI,11,0.02218761747634323,0.001877937551335755,0.581524633958107,0.6214762080025911,0.7598134643760315
VN_HTL,VN,HTL,8,-0.014341918902580275,-0.009108619009568128,0.6535515934521245,-0.9665781043708166,-3.2579517487909424
VN_HTN,VN,HTN,7,0.020520210859997542,-0.0004995745005884417,0.10296978413135582,0.5489887764595097,-0.10963868499882114
VN_HU1,VN,HU1,11,0.007416639235156524,-8.544814153460803e-05,0.18611489296626238,-0.020664865198228494,0.041806626372251444
VN_HUB,VN,HUB,11,0.010954884198023335,-0.000508993245275717,0.35235100757856375,0.13315381766783949,-0.11308310405282201
VN_HUT,VN,HUT,11,0.000515985720197614,-0.0011987808857903024,0.1623578759071781,-0.3206580668351377,-0.3653372813438384
VN_HVH,VN,HVH,6,0.07103556089855613,-0.00016303617504767362,0.022586972842349562,2.745050578001301,0.013432813314561082
VN_HVN,VN,HVN,11,0.0016109411441865482,0.0003028645766828808,0.12824485325013746,-0.2730568965140836,0.18381193280615196
VN_HVT,VN,HVT,11,0.013204946794234182,-0.0014024005315489791,0.48794235341219205,0.2309711447742516,-0.4398006425354444
VN_HVX,VN,HVX,9,0.0293585389702629,-0.00079599426963588,0.5031341608064466,0.9332188122334166,-0.21803889483452285
VN_ICT,VN,ICT,11,-0.0013796878646032474,-0.0017964384722897802,0.05104697005334813,-0.40306898439970607,-0.5838996531945304
VN_IDC,VN,IDC,8,-0.0011639820406146577,0.0010639889810272183,0.07864283113141846,-0.3936915709982378,0.4621538443700719
VN_IDI,VN,IDI,11,0.006068016887991455,1.58209904486945e-05,0.313351342986224,-0.07929373778951396,0.07884057721887172
VN_IDJ,VN,IDJ,9,-0.006207047180411167,0.002376869971429767,0.0728063132395873,-0.6129295394126034,0.9422722093032967
VN_IDV,VN,IDV,10,-0.013135959512138666,-0.004216951039111981,0.3890252096188499,-0.9141512410602005,-1.4690770183772426
VN_IJC,VN,IJC,11,0.00037170958038452913,-0.00040448191468705656,0.007192952316098178,-0.32693020627939723,-0.07486348664192624
VN_ILB,VN,ILB,11,0.0005926895469918076,0.0006035978925373547,0.048781088264673644,-0.3173235092417284,0.2937895994374021
VN_INN,VN,INN,11,0.013387839766312967,0.0005400113677171002,0.23249149221880083,0.23892207987508907,0.2705361145049058
VN_IPA,VN,IPA,11,-0.00830982563959244,-0.001990766922622447,0.34400725151306144,-0.7043439599360302,-0.6549652398819573
VN_ITC,VN,ITC,11,0.004507351575936336,0.0015292295347357982,0.16769223887798634,-0.14714078772937306,0.6322915305579897
VN_ITD,VN,ITD,11,0.006342474197742636,-0.0032005935255471664,0.10290205619202863,-0.06736221175557716,-1.0973967890438
VN_ITQ,VN,ITQ,11,0.003082429469568206,0.0004235343705112498,0.21288773826286278,-0.20908665181977276,0.2279406729838446
VN_JVC,VN,JVC,10,0.007167524109261919,0.0006340355819493617,0.09075623028119362,-0.03149468646534499,0.3049206111434649
VN_KBC,VN,KBC,11,0.002289521647372254,0.00022461344285254364,0.022827712557167645,-0.24355685897738127,0.15519562508029103
VN_KDC,VN,KDC,11,0.005028744634434509,0.003362893039451111,0.40039146868726083,-0.12447418483573991,1.3028591830393514
VN_KDH,VN,KDH,11,0.010999536608124208,-2.527612527234053e-05,0.4925476283810968,0.13509499895420998,0.06381143128127618
VN_KHP,VN,KHP,11,0.004835061689333749,0.001169134071038881,0.5241105987821374,-0.13289419414026285,0.5006052265335669
VN_KHS,VN,KHS,9,-0.00024761819107860505,0.002087023726062763,0.4192398181157162,-0.35385434043873765,0.8362759259958725
VN_KKC,VN,KKC,11,0.007694179433526029,-0.003027052717546845,0.18138484451517078,-0.008599316259809345,-1.0339332081134691
VN_KMR,VN,KMR,11,0.004764048871154813,0.000716689392342999,0.199684273916775,-0.1359813456160728,0.33514697026648516
VN_KMT,VN,KMT,11,0.0094214909364921,-0.0012288100638715264,0.6767869832670619,0.06649236989364896,-0.376318901144903
VN_KOS,VN,KOS,6,-0.004921358061813338,-0.00011585111088485922,0.0014812796276258977,-0.5570365730201015,0.03068831173424158
VN_KPF,VN,KPF,6,-0.006903616056300369,0.00022594541962179092,0.007111897948816837,-0.6432115883208174,0.15568272673935607
VN_KSD,VN,KSD,7,0.011751387506085297,-0.0011652821580710254,0.26013823958338733,0.1677803319511494,-0.3530868530891105
VN_KSQ,VN,KSQ,9,0.05580482460038611,-0.0045957159925031415,0.27605730381366067,2.082922370075661,-1.6075907233097928
VN_KSV,VN,KSV,9,0.009520881529509938,-0.0015143960305797528,0.39849921910879293,0.07081319286315138,-0.48075720772879715
VN_KTS,VN,KTS,7,-0.022409522591787356,0.003508747562646786,0.5782308146227314,-1.3173023154932155,1.3561979362902086
VN_L10,VN,L10,11,0.00804986480632038,-7.271235700300245e-05,0.3118871620499363,0.006863450205524554,0.04646408130545256
VN_L14,VN,L14,11,0.013860611637827886,0.0018039307661033247,0.11264631863677355,0.2594749662172573,0.7327493077772951
VN_L18,VN,L18,11,0.0068029314549475925,-0.0017433807084673292,0.4184169674680067,-0.0473446805889385,-0.5644965184095277
VN_LAF,VN,LAF,11,0.004639610029528059,0.0013259474302980366,0.14982589062023177,-0.14139109505888633,0.5579516076584147
VN_LAS,VN,LAS,11,0.006903960855572156,-0.0015358971395815686,0.22888906680495014,-0.04295261347716129,-0.48862012704415536
VN_LCD,VN,LCD,11,0.05626024355971128,0.001070361171607329,0.47261661396388166,2.1027208705217335,0.46448414372296876
VN_LCG,VN,LCG,11,0.006750344015525075,2.1419930281101108e-05,0.44849935538859587,-0.0496308226599829,0.0808881000768806
VN_LDG,VN,LDG,9,0.006260675850265448,-0.0019998877177454066,0.5312666280966212,-0.07091824425236835,-0.658300699282572
VN_LDP,VN,LDP,8,0.002759333620170952,9.264721529196441e-05,0.002599061048998541,-0.22313264878022965,0.10693579813027614
VN_LGC,VN,LGC,11,-0.01301488562732755,0.002543592324588432,0.3094389629371662,-0.9088877769172218,1.0032422927925964
VN_LGL,VN,LGL,11,0.01232933590817359,0.0012251535830014697,0.15013315972216545,0.19290557424125376,0.5210914676204979
VN_LHC,VN,LHC,8,0.10023606717305704,-0.003052687282120759,0.8283318281300811,4.014488805513634,-1.0433077251633573
VN_LHG,VN,LHG,11,-0.006799314855015087,0.0018097949796129342,0.2717107668759752,-0.6386772857014612,0.7348938407718583
VN_LIG,VN,LIG,11,0.005149211431004843,0.0006047593376234593,0.31331778435029034,-0.11923711273586768,0.2942143379474245
VN_LIX,VN,LIX,10,0.008467654008298102,-0.0012865386126025603,0.5343828615013069,0.025026066259052373,-0.3974301340969573
VN_LM8,VN,LM8,11,0.00837658679092395,-0.00017693604275283837,0.618694716352444,0.02106708671530131,0.008349655127202751
VN_LSS,VN,LSS,11,-0.00505601521211513,-0.0006530823724288673,0.07214853683738776,-0.5628905446120337,-0.16577625494703557
VN_MAC,VN,MAC,10,0.026463523520159297,0.0030862216239547417,0.22863532067960557,0.8073633477064356,1.201680912805468
VN_MAS,VN,MAS,11,0.021576776927781892,-0.001183794187607985,0.6297900950828538,0.5949210402267674,-0.35985667108316605
VN_MBG,VN,MBG,9,-0.000369270669115225,-0.003323890527508477,0.08733954878296235,-0.3591429578565166,-1.1424862948067573
VN_MCC,VN,MCC,7,0.0074256226512405665,-0.009108619009568128,0.7591561469111469,-0.020274327730023998,-3.2579517487909424
VN_MCF,VN,MCF,11,-0.0071371640475321185,0.007663404221259934,0.054964970700927984,-0.6533646570806968,2.8755488724178364
VN_MCH,VN,MCH,11,-0.002684264469970689,0.0008987226096455835,0.03965140326660688,-0.4597830494917164,0.40171621096213567
VN_MCO,VN,MCO,11,0.01693626845495325,0.0012395866922080255,0.5543317998185837,0.3931834814623265,0.5263696313259755
VN_MCP,VN,MCP,11,-0.004772577316947716,9.786997675932958e-05,0.020798140061502046,-0.5505686041679618,0.10884575319435151
VN_MDC,VN,MDC,11,0.004662532354052474,0.0012837589238376716,0.23554624212945163,-0.14039458921952885,0.5425233419673146
VN_MDG,VN,MDG,11,0.0050463251325162314,-0.001163120270745948,0.3643124211344352,-0.12370990506216853,-0.352296254538843
VN_MED,VN,MED,10,0.017626268776828526,-0.0005664664505413321,0.7519524565550767,0.4231799745830356,-0.1341009583300311
VN_MEL,VN,MEL,6,-0.0031877186669498677,-0.0011406244902464043,0.07711978464669311,-0.4816697934213922,-0.3440695855335846
VN_MHC,VN,MHC,11,0.0037098078493599342,-0.009108619009568128,0.9454805961075617,-0.18181253229130984,-3.2579517487909424
VN_MIC,VN,MIC,11,0.008900640671740909,-0.007204082671157761,0.695305316313444,0.043849363958424564,-2.561466020504842
VN_MKV,VN,MKV,11,0.00979125313472176,0.00135057863899276,0.4171933450632337,0.08256710041746913,0.5669591991547419
VN_MSH,VN,MSH,11,0.0031569303914421656,-0.0009891137094264254,0.18530394649943116,-0.20584786146036385,-0.28866234840484806
VN_MSN,VN,MSN,11,-0.0019513782416185478,0.0005534772857401848,0.0444512929790718,-0.4279221705760668,0.27546057802508056
VN_MST,VN,MST,6,-0.03932726334611095,-0.008487342125448839,0.11932601047920066,-2.052769934951425,-3.030751839618137
VN_MVB,VN,MVB,6,0.0043351705589434,0.00026257989797705473,0.10350000441694907,-0.15462604031260138,0.16907989371541066
VN_MWG,VN,MWG,11,0.005936547183995729,-0.00012367229536217026,0.044785498185937134,-0.08500914102406829,0.027828117755854913
VN_NAF,VN,NAF,10,0.0019006949048429452,0.003955038470466213,0.15661179813475545,-0.2604603854507159,1.5194057689218081
VN_NAG,VN,NAG,11,0.007134063681010078,0.0011070814387112884,0.3083321658357373,-0.03294931695471128,0.47791268349979854
VN_NBB,VN,NBB,11,0.0017796027206357721,0.0007757579056490517,0.00908568356159778,-0.2657246451262334,0.35674822600470935
VN_NBC,VN,NBC,11,0.009594285401577404,0.001767815847409581,0.3232324989875446,0.07400429100281744,0.7195421428935838
VN_NDN,VN,NDN,8,0.00327928177512075,-0.008348300340218013,0.5756186203134407,-0.2005288604070755,-2.9799044931561003
VN_NDX,VN,NDX,11,-0.00524188063710895,0.0022652038939834454,0.17548029955950484,-0.5709707016285583,0.9014361130280385
VN_NET,VN,NET,7,0.013251153558541503,0.0013039751259245975,0.44923433494798826,0.23297989874686975,0.5499163729899957
VN_NFC,VN,NFC,11,-0.001838637091471344,0.0023945047318827233,0.08780415570212485,-0.42302095672500606,0.9487212114722339
VN_NHA,VN,NHA,6,-0.028990021211425087,0.007663404221259934,0.5328248458053235,-1.6033773727313474,2.8755488724178364
VN_NHH,VN,NHH,7,-0.051400486889251605,-0.0020335260976706944,0.18875480587118254,-2.5776310914974716,-0.670602198113612
VN_NHT,VN,NHT,8,-0.019215208827292492,0.0036778204528522583,0.2521020569107254,-1.1784354080088209,1.4180276072149864
VN_NKG,VN,NKG,11,0.00029630631422080224,0.0007258490386526868,0.027236930154446837,-0.33020822439482655,0.33849663748059083
VN_NLG,VN,NLG,11,0.0001646890449511748,0.00019866014981785062,0.00039253143877737706,-0.3359300427578715,0.14570454956960893
VN_NSC,VN,NSC,11,-0.005524993212248871,-0.0005361969871028611,0.0015087109275271349,-0.5832784993836236,-0.12303146657889479
VN_NSH,VN,NSH,7,0.009790680012753655,-0.0007817645818499175,0.02629267815794567,0.08254218499550695,-0.21283512199962804
VN_NST,VN,NST,11,0.015185603476609027,4.705149772894123e-05,0.4373639580117775,0.31707654598025703,0.09026152108281611
VN_NT2,VN,NT2,11,-0.002614826630921635,-5.527464477586135e-05,0.13144581981189507,-0.4567643673327125,0.05284102327039339
VN_NTH,VN,NTH,7,-0.011186025525455254,-0.0018409701302938967,0.8515576312157315,-0.8293814524629733,-0.6001848054550917
VN_NTL,VN,NTL,7,0.005546527476863287,-0.007518680629698025,0.048200421782033764,-0.10196452943626966,-2.676513963593248
VN_NTP,VN,NTP,11,0.006646488314913825,0.00029789678149581735,0.2893983523287209,-0.05414575795807819,0.1819952184809604
VN_NVL,VN,NVL,9,-0.0071405547365754425,-0.001180308031933629,0.21437661469772973,-0.6535120610417358,-0.35858178983002115
VN_NVT,VN,NVT,11,-0.00648898661730449,0.004969540160194691,0.06401332072386368,-0.6251863371431353,1.8904073266068533
VN_OCH,VN,OCH,11,-0.005709368446967937,-0.003451385385071411,0.22047908182725606,-0.5912938731226512,-1.1891109492864764
VN_OGC,VN,OGC,11,-0.004933671183188136,-0.006520279366870403,0.23027892172816056,-0.5575718632930244,-2.3114003048837186
VN_ONE,VN,ONE,11,0.001830625423148955,0.0007899626939845868,0.016482427208817096,-0.2635065271103213,0.36194289315255834
VN_PAC,VN,PAC,11,0.005923673994027623,0.00010260267970101153,0.5375825689083629,-0.08556877924752647,0.11057649468172599
VN_PAN,VN,PAN,9,-0.005186611426163327,-0.0007920102380283278,0.11634624015714035,-0.5685679744799512,-0.21658194119192822
VN_PBP,VN,PBP,10,0.008503822452429284,0.0008916903068072384,0.40642221861950534,0.026598422751030772,0.39914450966922077
VN_PC1,VN,PC1,11,0.0070547473276831064,0.0024335990057571632,0.2332888730051691,-0.03639744932726732,0.9630179215229238
VN_PDB,VN,PDB,11,0.008130524602045755,-0.00028624048487879494,0.5040183663811291,0.010369986261940125,-0.03162279509264672
VN_PDN,VN,PDN,11,0.002641457197432906,-0.002009827518557303,0.0968219801282253,-0.2282571091488072,-0.6619356676829494
VN_PDR,VN,PDR,10,0.007691560049362246,-0.0001272534975999306,0.1955003174395028,-0.008713189161833312,0.026518478134702726
VN_PEN,VN,PEN,11,0.011450180196245163,-0.00032209865846605153,0.4971691169899223,0.15468589893266732,-0.04473606872373696
VN_PET,VN,PET,11,0.008400354761156255,0.0005423201953518831,0.6127788963312857,0.022100355444262035,0.27138044887872037
VN_PGC,VN,PGC,11,0.013511473738849087,-0.0008845789425535621,0.5700312655271552,0.2442968391166305,-0.25043416038432825
VN_PGN,VN,PGN,6,-0.051400486889251605,-0.0005291144243552522,0.4716890367134404,-2.5776310914974716,-0.12044138532189046
VN_PGS,VN,PGS,11,0.0037845949892233947,0.0004129241322787772,0.09680565248278339,-0.17856129913197616,0.22406052674898685
VN_PGV,VN,PGV,9,0.0003056813117550106,-0.00039383408535337923,0.0510653420907945,-0.329800663644308,-0.0709695934047291
VN_PHC,VN,PHC,11,6.227575986234153e-05,0.0010753998639601412,0.03914679651366049,-0.3403822716978338,0.46632678502215613
VN_PHN,VN,PHN,9,0.009526106514737183,-0.0006578109730444448,0.5609646472704667,0.0710403394722992,-0.16750549622066938
VN_PHR,VN,PHR,11,0.006025615403816302,0.0033267005934836027,0.32421863838321696,-0.08113706421711778,1.2896236665623202
VN_PIC,VN,PIC,11,0.012888222024217537,0.0009977492870287834,0.2779166758969428,0.2172021187553336,0.4379300999418321
VN_PIT,VN,PIT,11,0.02079826691241406,-0.0009328699347105987,0.742333230780067,0.5610767512025001,-0.2680940948071205
VN_PJC,VN,PJC,9,-0.004041941542740316,0.0007137258977482156,0.050098684171239194,-0.5188055596012697,0.3340632252890371
VN_PJT,VN,PJT,9,0.009556793944005002,0.0021762990509711813,0.5432357151629532,0.07237441893826613,0.8689237618143878
VN_PLC,VN,PLC,11,0.0027363316389151923,0.0005982329726083141,0.10933984283647502,-0.22413261754926714,0.29182765726354304
VN_PLP,VN,PLP,8,-0.003537628403382315,0.00038545128485046904,0.010762919064463583,-0.49688147473371236,0.21401375275822712
VN_PLX,VN,PLX,11,0.002353652729526905,-0.0004916837834229685,0.30535269542811383,-0.2407688783001442,-0.10675306303359187
VN_PMG,VN,PMG,8,0.02826216986792165,-0.0021307374652711477,0.5481591474141558,0.8855561848497704,-0.7061522313660105
VN_PMP,VN,PMP,11,-0.001142355318219193,0.001108750188697245,0.04822626432977151,-0.3927513890751397,0.4785229425564813
VN_PMS,VN,PMS,10,0.0038387488404057844,-0.0027492129227219618,0.043925559622992494,-0.1762070601947571,-0.932327663528804
VN_PNC,VN,PNC,6,0.003932706422630472,-1.6129748938172392e-05,0.05851354991022972,-0.17212242736272962,0.06715624568770484
VN_PNJ,VN,PNJ,11,-6.204154028961098e-05,0.00022864727403527094,0.007703389577209618,-0.34578673734889076,0.15667079034357498
VN_POT,VN,POT,11,0.008710945748662076,-0.0008533865796957709,0.48235123554563963,0.03560272656599129,-0.23902716587137185
VN_POW,VN,POW,8,0.013991493211176754,-0.0004117842177989902,0.2764152938792427,0.26516480155518424,-0.07753392657972548
VN_PPC,VN,PPC,8,0.0011927063318875046,-0.00019090568415132335,0.5109688110519046,-0.29123888465558634,0.003240980817821818
VN_PPP,VN,PPP,10,-0.006422569784400007,0.005431378832483562,0.3153948985157984,-0.6222989876620451,2.059300950494481
VN_PPY,VN,PPY,7,0.039025940019542515,0.006535411883228919,0.9290145477234006,1.3534912670081114,2.4630439759712797
VN_PRC,VN,PRC,11,0.013333723583132404,-0.0008628075917379445,0.7363736651867582,0.23656947848487087,-0.24247241409323675
VN_PSC,VN,PSC,11,0.033688985219125014,6.780817589717238e-05,0.5269029271884083,1.1214769868970993,0.09785220329729519
VN_PSD,VN,PSD,11,0.007382558219375565,0.0004597116906288747,0.4630650005602803,-0.02214647458739789,0.24117065796307277
VN_PTB,VN,PTB,11,0.013983476475559458,-0.0009313734322241011,0.7678933951766097,0.2648162887397971,-0.2675468263706147
VN_PTC,VN,PTC,11,0.015342318820377539,0.0016958375212198051,0.02080700236522104,0.323889456905408,0.6932197903471664
VN_PTD,VN,PTD,9,-0.01824685893500886,0.0035187261311566092,0.2856117527790927,-1.1363381799910404,1.3598470819723634
VN_PTS,VN,PTS,10,0.017783233740609465,-0.005401522107568228,0.3003827900616163,0.43000373727846575,-1.9022726611597875
VN_PTX,VN,PTX,8,0.04626683562491186,-0.00040555569699249653,0.6729077102870529,1.6682758668528277,-0.07525616702084162
VN_PVC,VN,PVC,11,-8.730147516718888e-05,-0.000818635608393004,0.02974241050263071,-0.3468848664928389,-0.22631879424919604
VN_PVD,VN,PVD,11,0.0024721875699322588,0.00046233253382805194,0.06483312795942364,-0.235615794436183,0.24212909590279003
VN_PVG,VN,PVG,9,0.0068848736114033296,-0.0007274276537333563,0.213785262962086,-0.0437823962616786,-0.1929641989886866
VN_PVP,VN,PVP,11,6.596884760241327e-05,-0.0006010643680956911,0.04555786504300563,-0.340221721510425,-0.14675335845443246
VN_PVS,VN,PVS,11,0.0019209010350325706,-9.592782002658424e-05,0.2276408267238107,-0.2595819611572577,0.03797422561439542
VN_PVT,VN,PVT,11,0.0030856920724092757,0.00021379709913641983,0.2357518075540207,-0.20894481617046212,0.15124010641751504
VN_QCG,VN,QCG,11,0.01705725624631886,-0.0026357084163951914,0.5382549786104245,0.3984432028513324,-0.8908192569111922
VN_QHD,VN,QHD,10,-0.0032885708789965815,0.007663404221259934,0.350636430146384,-0.48605415758610104,2.8755488724178364
VN_QST,VN,QST,11,0.0077391399240761705,-0.0017666276677779451,0.40143863142994063,-0.00664474174334295,-0.5729978922396568
VN_QTC,VN,QTC,8,-0.006907791489568456,0.0022079263813828214,0.09829493322510308,-0.6433931075916515,0.8804898232285177
VN_RAL,VN,RAL,11,0.008768160298865181,-0.00014037986306950157,0.6613085225457741,0.03809002375580642,0.021718188410929665
VN_REE,VN,REE,11,0.02704888323258066,0.0016614777048025975,0.3421191669565147,0.8328107830627941,0.6806544634072301
VN_S4A,VN,S4A,9,-0.021867478736871556,0.0005195689395221901,0.40265339467155215,-1.2937379572608674,0.2630603529759071
VN_S55,VN,S55,11,0.015088838695557152,0.006058862645825864,0.36648629660190735,0.31286987534963934,2.28877072322049
VN_S99,VN,S99,11,0.016415337700261073,-0.0039507495816668405,0.6330284977122498,0.3705369763751677,-1.3717275941524205
VN_SAB,VN,SAB,11,0.010725787580166051,-0.001258003732662856,0.6057616868696452,0.12319426416668049,-0.3869949766071562
VN_SAM,VN,SAM,11,-6.377362846831413e-05,-0.0001271187928546257,0.0006301856972876774,-0.345862036692224,0.02656773943297525
VN_SAV,VN,SAV,11,0.0035980516117281426,8.538712328550602e-05,0.15568439073195905,-0.18667092888481798,0.10428079472258965
VN_SBA,VN,SBA,11,0.0006875959879717127,-0.0004806588819339426,0.05018871293781191,-0.31319762652296745,-0.10272127514485264
VN_SBT,VN,SBT,11,0.009006031990689794,-0.0008180266402728541,0.4137568843006376,0.04843105743537938,-0.22609609563425667
VN_SBV,VN,SBV,11,0.0066421549778746996,-0.00016118138318438625,0.41073032863049186,-0.054334141804524186,0.014111107572154023
VN_SC5,VN,SC5,11,-0.007171145439913892,0.0014076658014393268,0.30511875183950843,-0.6548419355260773,0.5878358782238167
VN_SCI,VN,SCI,11,0.0007908462216052223,0.0025565492472129497,0.25027085924323256,-0.3087090127865538,1.0079806175535806
VN_SD5,VN,SD5,11,-0.003372898840731817,-0.0006075449188159892,0.052465019636145804,-0.4897201604036065,-0.14912328492792215
VN_SD9,VN,SD9,11,0.0006596198435940466,0.00043534006133814896,0.017868975002770515,-0.31441383787209826,0.2322579942171881
VN_SDA,VN,SDA,11,-0.006304054985299348,0.0008069866029340993,0.09276672186321144,-0.6171467750568925,0.36816850795646067
VN_SDC,VN,SDC,11,0.03276406003520838,0.001978911847952929,0.5164685037913144,1.081267568094044,0.7967395944262926
VN_SDG,VN,SDG,11,0.006514275099605976,-0.00019390369256374072,0.454923930280139,-0.05989348397749531,0.002144614195448423
VN_SDN,VN,SDN,8,0.0088139144221444,0.0020307215046498767,0.15619143533006796,0.04007909999342192,0.8156862985395598
VN_SDU,VN,SDU,11,0.008499166246212893,-0.0011582398926630896,0.09437427738066373,0.026396002761777723,-0.3505115085012913
VN_SEB,VN,SEB,11,0.00425539203554311,-0.00027071225373506306,0.0506792823241321,-0.15809426467784987,-0.02594414714090222
VN_SED,VN,SED,11,0.010701853991286238,-0.001292181809564532,0.8178637716392343,0.12215379547206302,-0.3994938417126394
VN_SFC,VN,SFC,9,0.004180021388828505,0.0008001221177904418,0.001485793746950126,-0.16137086472280857,0.36565817731158573
VN_SFG,VN,SFG,11,0.008118246549337838,0.0010480944559977017,0.41082579873338376,0.009836220534718748,0.45634124336179477
VN_SGC,VN,SGC,9,0.07976990624308718,0.0011336593480629198,0.48112290016116854,3.1247601545549215,0.48763218014460574
VN_SGD,VN,SGD,7,0.10023606717305704,-0.009108619009568128,0.258195441310212,4.014488805513634,-3.2579517487909424
VN_SGR,VN,SGR,11,-0.0011490535996736446,0.002294374631550127,0.22488860857862703,-0.3930425845241837,0.9121038025800954
VN_SGT,VN,SGT,11,-0.002052446700845948,-0.001921875873930817,0.07132603098494994,-0.43231593568866244,-0.6297718995120744
VN_SHA,VN,SHA,11,0.010209115848999797,-0.00013108507284449695,0.48522052988481446,0.10073291228285504,0.02511727752704082
VN_SHI,VN,SHI,11,0.005317761479006218,-0.002352761780461529,0.17191170150914148,-0.11190970984186968,-0.7873461491421678
VN_SHN,VN,SHN,11,0.015925034225355378,-0.0005699652089763558,0.45948242585977306,0.34922193586606054,-0.13538044839150642
VN_SHP,VN,SHP,11,-0.0012477863823038993,0.00019215667462325726,0.006249278326754704,-0.39733481039866997,0.1433262396545156
VN_SIP,VN,SIP,7,-0.051400486889251605,-0.002270621827637419,0.7594830442462469,-2.5776310914974716,-0.7573077068660619
VN_SJ1,VN,SJ1,11,-0.0044258410151371535,0.0037291003440795343,0.6567175498923591,-0.5354948820808572,1.436780576989074
VN_SJD,VN,SJD,11,0.029845015568958858,-0.0015246143669034513,0.5588422859837241,0.9543674863478137,-0.4844940360962851
VN_SJE,VN,SJE,11,0.012167646271535562,-0.0014161331990310204,0.6441412777586382,0.1858764150954711,-0.44482265588307285
VN_SJS,VN,SJS,11,-0.00023910267336223548,-2.6199879072710228e-06,0.0016291177854331762,-0.353484143990272,0.07209674252192753
VN_SLS,VN,SLS,11,-0.009039276644662721,-0.0032388810347697304,0.06248076220793808,-0.7360554988466457,-1.111398466621344
VN_SMA,VN,SMA,11,-0.0019528934696179064,-0.00021688476274850843,0.033798287535186544,-0.4279880423225256,-0.00625952442959426
VN_SMB,VN,SMB,11,0.006482376054919452,0.00048507832036710774,0.29866521768911325,-0.06128023619218408,0.2504471916952374
VN_SMC,VN,SMC,11,0.009990450457214589,0.0006101094826494794,0.588832488727113,0.09122683712249041,0.2961708769641565
VN_SMT,VN,SMT,11,0.03371968110804941,-0.0014587329119204642,0.494263936111656,1.1228114341310544,-0.4604012990720746
VN_SPC,VN,SPC,11,0.005603468136785438,-0.001377592175694233,0.3129925877835552,-0.09948913912195587,-0.43072826862133184
VN_SPM,VN,SPM,11,0.004073182531381571,-0.0012137037731652035,0.20968679195779405,-0.16601548726982626,-0.3707945560998111
VN_SRC,VN,SRC,11,0.004131996297547635,-0.003893794711247798,0.5974860931085473,-0.16345866711152754,-1.3508992940547933
VN_SRF,VN,SRF,11,0.0035166192817572385,-0.00030657220304613103,0.09999373741179163,-0.19021104944467052,-0.039058070151196764
VN_SSC,VN,SSC,6,0.007712372370673055,-0.0044276895842848335,0.17414133861076253,-0.007808411825890975,-1.54614374908356
VN_SSM,VN,SSM,11,0.0012978110240085463,-0.007949008025129623,0.37548678321468987,-0.2866696517520501,-2.833883966655934
VN_STG,VN,STG,7,-0.051400486889251605,-0.004311006147957333,0.894374550997374,-2.5776310914974716,-1.5034728131237267
VN_STK,VN,STK,11,0.00644136500087386,0.00013839836279188274,0.4794766798260821,-0.06306311623086036,0.12366691564363466
VN_STP,VN,STP,8,0.04040780607309934,0.0018493989604795034,0.6036978145951618,1.4135653485050637,0.7493769498103049
VN_SVC,VN,SVC,11,0.0041390026910580364,0.0005101941947757473,0.07437250552874908,-0.1631540770583453,0.2596320246260935
VN_SZB,VN,SZB,8,-0.00395587924315554,-0.008285305294960512,0.4566653741338531,-0.515064159640135,-2.956867311302586
VN_SZC,VN,SZC,11,0.0004167332651420575,-0.00177358125081705,0.6306813826480491,-0.3249728845111585,-0.5755408058346955
VN_SZL,VN,SZL,7,-0.025736700246326513,0.0007028621747893814,0.33976117947955176,-1.4619452358827532,0.33009038011707387
VN_TA9,VN,TA9,10,0.02339357985648155,0.007663404221259934,0.3399813120207288,0.6739032012847653,2.8755488724178364
VN_TCD,VN,TCD,9,-0.0027869602263572036,-0.002489539777500669,0.22356760174894041,-0.4642475583510774,-0.8373656320788033
VN_TCH,VN,TCH,8,0.0063719413042501345,-0.002382606835913183,0.01084343706932589,-0.06608118357397126,-0.798260435607993
VN_TCL,VN,TCL,11,-0.005684609338837631,-0.000311924566992798,0.23105248324012295,-0.5902175164990962,-0.04101542062346871
VN_TCM,VN,TCM,11,0.0038012695213695477,0.00010944196425804168,0.35716032639116346,-0.1778364045588059,0.11307760951455448
VN_TCR,VN,TCR,11,-0.0032336721619451183,0.000252323687645351,0.21371180634693943,-0.48366753697715065,0.16532921488704327
VN_TDC,VN,TDC,11,0.002012921148473397,0.002126927016432724,0.08388994900025848,-0.2555815562120936,0.850868492015133
VN_TDG,VN,TDG,8,0.012368930883236736,0.000522116833056916,0.5208450777272164,0.19462689285436444,0.2639921133463131
VN_TDH,VN,TDH,9,0.005024275623416939,-7.851459268723471e-05,0.16772597060896877,-0.12466846685850853,0.04434221349714753
VN_TDM,VN,TDM,8,-0.03603731622391875,0.0005286666419142625,0.7790051009862895,-1.909745543382846,0.26638736740376595
VN_TDP,VN,TDP,6,-0.03088531860287427,-0.00042299559360036934,0.4925177429149825,-1.685771935982841,-0.0816339078101336
VN_TDT,VN,TDT,8,-0.028413780669400784,0.0008489318818764706,0.7939745226091672,-1.5783263765119133,0.3835078257542639
VN_TDW,VN,TDW,11,-0.0014666365538169145,0.0006961769830695848,0.09862432926071141,-0.4068489185173656,0.3276456167750517
VN_TEG,VN,TEG,7,0.10023606717305704,0.003648608136896377,0.6053538928787138,4.014488805513634,1.407344712516092
VN_TFC,VN,TFC,10,0.009606982510820953,0.0018846093185261544,0.5727803929127537,0.07455627444108873,0.7622533183902842
VN_THG,VN,THG,11,0.007707419719071322,0.0002662477566775532,0.38658586592442334,-0.008023719232265662,0.17042122345890057
VN_THS,VN,THS,11,0.044257075774654146,0.00024127080146794266,0.5363409450413151,1.5809052590266042,0.16128719304493921
VN_THT,VN,THT,10,0.00523947268403481,0.007663404221259934,0.6108447787660712,-0.1153131710075196,2.8755488724178364
VN_TIG,VN,TIG,11,0.0027529180847909083,0.0021101803846608966,0.009890649055880552,-0.22341155236446295,0.8447442770076758
VN_TIP,VN,TIP,8,-0.0026142503989095107,-0.003122594807239363,0.17247554496625395,-0.45673931670731477,-1.068872789249007
VN_TIX,VN,TIX,8,0.018143262430817104,0.0031586489670666364,0.33596749250936486,0.4456553214686301,1.2281674700833507
VN_TJC,VN,TJC,9,0.0007725261319517566,-1.531868513174836e-06,0.0030699772341667986,-0.30950544494149457,0.07249466594999501
VN_TKU,VN,TKU,11,0.002638660545875309,-0.00045909834040601296,0.13595578733238145,-0.22837868842427836,-0.09483662145488603
VN_TLD,VN,TLD,8,0.006811408053014961,0.0018500447022585453,0.1061884543955911,-0.046976176100529295,0.7496130964903079
VN_TLG,VN,TLG,11,0.004850755815596941,0.00020965997442329965,0.19518793950434454,-0.1322119209070998,0.1497271668842988
VN_TLH,VN,TLH,11,0.011027175613351968,0.000774506242055607,0.3297821137584004,0.1362965537997563,0.35629049473864316
VN_TMB,VN,TMB,10,0.03792543088052995,0.0014493897886335915,0.3444473559499608,1.3056486591554806,0.6030942700023912
VN_TMC,VN,TMC,8,0.015423673211140977,0.0035089103996120167,0.2916001841398026,0.32742618920176775,1.3562574854938827
VN_TMP,VN,TMP,11,0.009527513015052733,-0.0043450785856661315,0.4008830728088013,0.07110148448296384,-1.5159330461544613
VN_TMS,VN,TMS,11,0.0015675924319621195,0.0014303024039260094,0.09235889967947575,-0.2749414019364836,0.5961140455923738
VN_TMT,VN,TMT,11,0.008931490729479812,-0.0018979042581575428,0.25776060102583553,0.04519051339763563,-0.6210055200351783
VN_TNG,VN,TNG,11,0.0002642049711676091,-0.00024326247061717368,0.003858032123837951,-0.3316037711584043,-0.015905807729580737
VN_TNH,VN,TNH,7,0.0417797837379992,0.002830495835914771,0.32594369462710426,1.473209550518022,1.1081624232222154
VN_TNI,VN,TNI,8,-0.01999811780963958,-0.0007465855890903756,0.6444382975904049,-1.212470934020301,-0.19997022365226885
VN_TNT,VN,TNT,7,0.10023606717305704,0.007663404221259934,0.7262466190463339,4.014488805513634,2.8755488724178364
VN_TOT,VN,TOT,8,-0.01038319126518555,-0.0022570379995746717,0.07847286677974097,-0.7944797116930569,-0.7523401238431553
VN_TPC,VN,TPC,11,-0.0016959124084369205,0.000760147821376188,0.10747134429721783,-0.41681626400665783,0.35103964450162944
VN_TPP,VN,TPP,11,0.0005270053606345639,0.001157160180737015,0.1486383047062374,-0.3201790082635978,0.496226395035779
VN_TRA,VN,TRA,11,-1.2936462686531146e-05,0.0020329202338053762,0.046255800289939364,-0.3436519845439799,0.8164903700851046
VN_TRC,VN,TRC,11,0.02085088492784472,-0.0003464209749522373,0.48425739797603573,0.5633642225091824,-0.05363069886013294
VN_TSB,VN,TSB,11,0.005460371888771631,0.00013790306732378894,0.07710176492955334,-0.10570998494341816,0.12348578692592271
VN_TSC,VN,TSC,11,0.00351704606972587,0.0012809713895224934,0.04399393865628043,-0.19019249562381102,0.5415039453674839
VN_TTC,VN,TTC,7,0.024029293829574673,-0.00019028330339659294,0.805379841818266,0.7015396953791455,0.003468584410616202
VN_TTE,VN,TTE,6,0.09843611850221069,0.00047728846386303856,0.5343068494427203,3.9362393522728976,0.24759845430385255
VN_TTF,VN,TTF,10,0.008875044771190483,-0.0033033999400802917,0.15877293666902936,0.04273662932564568,-1.1349929215273369
VN_TTH,VN,TTH,7,0.05305774980732826,0.007663404221259934,0.6997131085175087,1.9634983531301613,2.8755488724178364
VN_TTL,VN,TTL,10,-0.010310752309424766,0.0015885524078469264,0.05247131732555588,-0.7913305615125987,0.6539858052481297
VN_TV2,VN,TV2,11,0.002245794516972473,0.0015872232583367095,0.02390619148734996,-0.24545781543296752,0.6534997375129259
VN_TVC,VN,TVC,9,0.05594554460485802,3.275767151489492e-05,0.3397511955377488,2.0890399130858084,0.08503429293289572
VN_TVD,VN,TVD,11,0.004330887740167598,0.00042134771812995424,0.14432719140515138,-0.15481222797059618,0.22714101789426708
VN_TVT,VN,TVT,11,0.012220337861985685,0.00015124285883596052,0.7224682297179617,0.18816708494061074,0.12836412619368082
VN_TYA,VN,TYA,11,0.004059686365773168,0.00027872799422919397,0.1936503634736947,-0.1666022082118226,0.1749852252923301
VN_UIC,VN,UIC,11,0.004414035985738833,-0.00024573496326350553,0.04379123228265602,-0.15119751114046776,-0.016809994122212023
VN_UNI,VN,UNI,10,-0.008276277688401562,-0.009108619009568128,0.730173256203781,-0.7028855245480928,-3.2579517487909424
VN_V12,VN,V12,11,0.00848859650306559,0.0009970203482798704,0.2910586775393682,0.025936502646264684,0.4376635282702008
VN_V21,VN,V21,11,-0.0011415046966644575,0.0006091068447054022,0.02387763646618979,-0.39271440986975953,0.29580421395825623
VN_VBC,VN,VBC,11,0.006845159127198937,0.0008056274704745258,0.31114240410217053,-0.04550891031458785,0.3676714755072224
VN_VC1,VN,VC1,11,0.017022214364680276,-0.000980061558102719,0.5330012961355723,0.39691982158876754,-0.2853519919259006
VN_VC2,VN,VC2,11,0.002210944627804437,0.0011643548574098918,0.10312384693819199,-0.24697285017649537,0.498857476166252
VN_VC3,VN,VC3,10,0.010795432448866148,0.0013591712905984899,0.3052265514043113,0.1262219465584472,0.5701015173614508
VN_VC6,VN,VC6,11,0.007253851150793977,0.000749284559237254,0.6349923925296217,-0.027741777335665456,0.3470669678507269
VN_VC7,VN,VC7,10,-0.0016387122164498438,-0.0023871661594409704,0.04502488215162548,-0.414329591013839,-0.7999277725359895
VN_VC9,VN,VC9,11,0.007018986893937273,-0.0032600063297038902,0.36549576819969,-0.03795206831923407,-1.1191239513657085
VN_VCA,VN,VCA,11,0.0057713450826654585,0.004914575828178368,0.5110661972599837,-0.09219099810293481,1.8703069630474476
VN_VCC,VN,VCC,11,0.003063979011293331,-0.002815776012240213,0.11399439213404661,-0.20988875151041073,-0.95666967315346
VN_VCF,VN,VCF,9,0.0005318463418679568,-0.0014523204516349948,0.213719431618424,-0.3199685555208074,-0.4580562731558148
VN_VCG,VN,VCG,11,0.0004497041419468455,0.00022789762168310603,0.0075792866747720344,-0.32353953636927557,0.15639664374215348
VN_VCS,VN,VCS,11,-0.0030393562438330588,0.0009512200134146196,0.18912148459638223,-0.47522001033679884,0.42091442302026033
VN_VDL,VN,VDL,11,0.008274051056553097,-0.0006184869806069341,0.004194715870279975,0.016609534518335647,-0.15312477847872447
VN_VDP,VN,VDP,11,0.001341838292609094,0.0011591133427245979,0.15536175673668806,-0.2847556473409933,0.49694066308199425
VN_VE3,VN,VE3,8,0.10023606717305704,0.0008325400714156779,0.7233879625133796,4.014488805513634,0.3775133683020937
VN_VE4,VN,VE4,7,0.06539327235439589,0.007663404221259934,0.5743228649514416,2.4997624757581374,2.8755488724178364
VN_VE8,VN,VE8,11,0.010849715089398356,-0.0016485411805316503,0.843200948797211,0.12858178437543977,-0.529813862924086
VN_VFG,VN,VFG,8,0.0029414946440275255,-0.0011275378266500226,0.009801797078942132,-0.2152135337802185,-0.33928381471790736
VN_VGC,VN,VGC,11,0.006009779132864592,-0.0005372094942046728,0.435489204537573,-0.08182551692880581,-0.12340173871914116
VN_VGP,VN,VGP,9,0.0037394709150668543,0.0031522181030803806,0.35379363876711023,-0.18052298514443532,1.2258157139647383
VN_VGS,VN,VGS,11,0.011200057750155123,-0.00031418401939486095,0.676345242762154,0.14381228627538073,-0.041841698557914454
VN_VHC,VN,VHC,11,0.006883385893514861,-0.0009564081216009046,0.1560733254419857,-0.043847072056735804,-0.2767019700721902
VN_VHE,VN,VHE,6,0.07161119474822086,0.002220898982133461,0.2241430205727607,2.770075199387835,0.8852338814537943
VN_VHL,VN,VHL,11,0.002710255860493341,0.0008243585447004469,0.04847441319937518,-0.22526621398864613,0.37452139777476523
VN_VHM,VN,VHM,11,-0.0012165092348156478,0.0003151876307126138,0.006160335934440431,-0.3959750940192386,0.18831845289060006
VN_VIC,VN,VIC,11,0.0007667425511320444,-0.00386162187584742,0.4804607041391896,-0.30975687546517905,-1.339133742385895
VN_VID,VN,VID,11,-0.003259744025089568,-0.002256380390324423,0.1164793856182158,-0.48480096320705596,-0.7520996372489382
VN_VIF,VN,VIF,11,0.0007141126302063627,0.0006558520845711326,0.09445165645304832,-0.3120448643413292,0.3128988693739496
VN_VIP,VN,VIP,10,0.003966570341517013,0.00011074585899203382,0.15723942766726928,-0.17065025586118648,0.11355444162066745
VN_VIT,VN,VIT,11,0.005036194225253477,-9.192929682271542e-05,0.19785237806769407,-0.12415032759586798,0.039436478809333084
VN_VJC,VN,VJC,9,0.006133288883904884,0.00021188805102031983,0.22706506320979913,-0.07645615798799898,0.1505419707397338
VN_VMC,VN,VMC,11,0.00936741688889043,0.0007266093101491888,0.5769222507242837,0.06414160027011595,0.33877466748519464
VN_VMD,VN,VMD,10,-0.002565169707939157,-0.0006563119138681747,0.027725194077937387,-0.45460562406634525,-0.1669572928070239
VN_VNC,VN,VNC,10,0.045747375362453484,-0.002518166331969326,0.7530677874127145,1.6456932887071165,-0.8478343147892973
VN_VNE,VN,VNE,11,-0.0014769972280787018,-0.0003090137056489986,0.01145980985342021,-0.40729932974815314,-0.03995092353717623
VN_VNF,VN,VNF,11,-0.006467890148794734,0.0022258171583459823,0.04575073204950286,-0.6242692070310735,0.8870324502036436
VN_VNG,VN,VNG,11,-0.0025263568949199693,0.002448612765060588,0.062172598365232146,-0.4529183085074752,0.9685084279899654
VN_VNM,VN,VNM,9,-0.005132640325743928,-0.0003789636590187424,0.0424326659293115,-0.5662216802955549,-0.0655315035627422
VN_VNS,VN,VNS,11,0.007090611037800433,0.00015596165276347102,0.3221120052929496,-0.034838340585268864,0.13008978117802067
VN_VNT,VN,VNT,7,-0.051400486889251605,0.0009035933017902638,0.2566567977819987,-2.5776310914974716,0.40349741486842416
VN_VOS,VN,VOS,10,0.0035388808204421087,-0.0016087335945208108,0.23590723421946258,-0.18924327005262293,-0.5152562958276177
VN_VPD,VN,VPD,10,-0.0122437900190992,0.00015934771604494345,0.5962690011115926,-0.8753658155871636,0.13132805881182394
VN_VPG,VN,VPG,7,-0.051400486889251605,0.0020357928384134956,0.4115718512971991,-2.5776310914974716,0.8175408767476522
VN_VPH,VN,VPH,11,-0.0013676051984900237,0.001528186945309519,0.1063995102700227,-0.4025437127448174,0.6319102573623984
VN_VPI,VN,VPI,7,-0.006686586373221853,-0.0004306805703601873,0.012613023754809771,-0.6337766225837563,-0.08444429085585226
VN_VPS,VN,VPS,11,0.005750516516995229,-0.0004064590172082687,0.3907251242632609,-0.09309648163248337,-0.07558650970093075
VN_VRC,VN,VRC,9,-0.004827355678902428,0.004940445033174995,0.0668878852402458,-0.5529499925607564,1.8797672877043647
VN_VRE,VN,VRE,9,-0.016945746936100854,-0.002862234343911268,0.22473053417265965,-1.07977473228359,-0.9736594067260308
VN_VSA,VN,VSA,8,0.02203388126714843,-2.044672999924628e-05,0.42288824365228816,0.6147928094659317,0.06557753299124407
VN_VSC,VN,VSC,9,0.08845626177844575,-0.005230090982007752,0.383997521703201,3.5023834625445014,-1.8395805875412017
VN_VSH,VN,VSH,11,0.004106061598356223,0.00012636105852620823,0.09010988586627955,-0.1645861303912091,0.11926489376618532
VN_VSI,VN,VSI,11,0.010745155952205867,-0.005551142654543455,0.5264508585733549,0.12403626846759544,-1.9569886429580576
VN_VSM,VN,VSM,6,-0.03113590095404255,-0.0007076122440136633,0.07572005334064447,-1.6966655421663304,-0.185717737059046
VN_VTB,VN,VTB,8,0.005377802793584842,0.0012534896288199542,0.049772518301665736,-0.10929952427728733,0.5314539118073639
VN_VTC,VN,VTC,11,0.0032164474986641784,-0.009108619009568128,0.7971937231941659,-0.20326046484510207,-3.2579517487909424
VN_VTH,VN,VTH,7,-0.051400486889251605,0.002858448735423613,0.7120699521043267,-2.5776310914974716,1.1183847514495537
VN_VTJ,VN,VTJ,7,0.021889893963894316,0.0031384644245064704,0.5856913875361474,0.6085332266590817,1.220786016896234
VN_VTO,VN,VTO,11,0.0035784574320522886,0.000683144853171349,0.5595908199458348,-0.1875227497568073,0.32287978884085344
VN_VTP,VN,VTP,11,0.03543874170495166,0.0008161158947013567,0.5436566822794515,1.1975444273402684,0.3715070745655712
VN_VTV,VN,VTV,11,0.009810228155043229,0.0008042760953583778,0.22969011473622425,0.08339200447692138,0.36717727990539756
VN_X20,VN,X20,6,0.07592389364143835,-0.0009550840579092931,0.36769525176289175,2.9575618404527244,-0.2762177622122766
VN_YEG,VN,YEG,10,0.012224105161543252,0.00577597301818355,0.20156831615274717,0.18833086135009858,2.1853184632875076
