total_assets,current_assets,cash,current_liabilities,equity,st_debt,lt_debt,total_debt_reported,retained_earnings,revenue,ebit,ebitda,interest_expense,pretax_income,net_income,ticker,year
12903659000.0,2239087000.0,461924000.0,2473336000.0,5175869000.0,259461000.0,2161366000.0,2831024000.0,3011147000.0,4509547000.0,948181000.0,1335611000.0,153223000.0,794958000.0,537629000.0,ENELCHILE,2025
12765086000.0,2242156000.0,384761000.0,2251458000.0,4976415000.0,61447000.0,2377162000.0,2734261000.0,3781518000.0,4137511000.0,307598000.0,620681000.0,68155000.0,239443000.0,153763000.0,ENELCHILE,2024
13491564000.0,2703131000.0,642206000.0,3185331000.0,5068953000.0,618183000.0,2163402000.0,3087202000.0,3855606000.0,5075058000.0,1138388000.0,1440087000.0,58598000.0,1079790000.0,754195000.0,ENELCHILE,2023
13882728200.367085,3585163491.001986,1024000021.4812,3707135476.61576,4793725017.428905,65494245.553936,2501941395.027963,2843187738.222236,2895086377.940464,5123430073.534734,2142364611.637339,2421143962.578907,61308241.809889,2081056369.827451,1464936232.777395,ENELCHILE,2022
,,,,,,,,,,,,,,,ENELCHILE,2021
34871081000.0,6695824000.0,1904403000.0,7737034000.0,16023472000.0,2208230000.0,4574752000.0,7145754000.0,8891982000.0,12818885000.0,2674997000.0,3804292000.0,772893000.0,1902104000.0,960070000.0,ENELAM,2025
31484337000.0,7419351000.0,3076085000.0,7114976000.0,14130193000.0,939324000.0,4182308000.0,5336488000.0,8084630000.0,12615912000.0,2234574000.0,3365173000.0,922185000.0,1312389000.0,2589133000.0,ENELAM,2024
36854680000.0,10319459000.0,1500184000.0,9727420000.0,14504637000.0,1501681000.0,4963859000.0,6661545000.0,6200229000.0,11768430000.0,2228541000.0,3177702000.0,778079000.0,1450462000.0,864269000.0,ENELAM,2023
34773647000.0,7763830000.0,1121693000.0,7926972000.0,12957150000.0,1191605000.0,5132513000.0,6535709000.0,5715317000.0,12040111000.0,1107615000.0,2090348000.0,452354000.0,655261000.0,-44145000.0,ENELAM,2022
,,,,,,,,,,,,,,,ENELAM,2021
26812998391000.0,13002436528000.0,2315597735000.0,6970250937000.0,7972297221000.0,541080281000.0,470859525000.0,2483611729000.0,6860714535000.0,13304390450000.0,2937538490000.0,3393105307000.0,316073669000.0,2621464821000.0,1347476767000.0,FALABELLA,2025
25261840065000.0,12120097914000.0,2271292861000.0,7081749634000.0,6828367191000.0,495905046000.0,646006844000.0,2562643800000.0,5801292073000.0,12137856333000.0,1213301173000.0,1675878793000.0,320056863000.0,893244310000.0,480943269000.0,FALABELLA,2024
23839384483000.0,11626869711000.0,1775555345000.0,6562815278000.0,6301182584000.0,234443753000.0,1539646965000.0,3006238667000.0,5451407553000.0,11223341592000.0,542975693000.0,997575095000.0,344011838000.0,198963855000.0,60640788000.0,FALABELLA,2023
23372811162000.0,12074700110000.0,1266041801000.0,6755164126000.0,5958152272000.0,582667211000.0,1457425010000.0,3244457824000.0,5349387522000.0,12268466344000.0,562453774000.0,1001113454000.0,308191116000.0,254262658000.0,169419696000.0,FALABELLA,2022
,,,,,,,,,,,,,,,FALABELLA,2021
4568526000.0,1592111000.0,269930000.0,1133121000.0,2773780000.0,59925000.0,448301000.0,512495000.0,2138646000.0,3073358000.0,801468000.0,885952000.0,47292000.0,754176000.0,542012000.0,ENELGXCH,2025
4824638000.0,1811615000.0,267208000.0,1186432000.0,2734813000.0,54155000.0,473790000.0,529048000.0,2091504000.0,3191825000.0,679704000.0,747152000.0,-3445000.0,683149000.0,520251000.0,ENELGXCH,2024
5236745561.571864,1902562084.036405,240405173.931013,1545977909.064945,2648489435.771224,457362898.653407,528321985.590805,986898926.867247,2137784337.804461,3493046746.122617,781300692.153252,847139364.877848,11142541.307856,770158150.845395,571498022.358745,ENELGXCH,2023
5156546371.089412,1989143471.78731,17701548.82025,1266644784.936802,2423520279.364174,61013397.131717,972635803.829658,1042001076.259593,1799653110.212151,3803068950.930973,880605496.290246,964283391.501443,1912088.868145,878693407.422101,699151073.745263,ENELGXCH,2022
,,,,,,,,,,,,,,,ENELGXCH,2021
14863909320000.0,3464999068000.0,637155833000.0,3773170490000.0,4623884879000.0,252705415000.0,4167401450000.0,5488501451000.0,2564509820000.0,16594515400000.0,817624265000.0,817624265000.0,149055101000.0,668569164000.0,314917071000.0,CENCOSUD,2025
15322076179000.0,3898450092000.0,742644469000.0,4248606702000.0,4679049300000.0,225821237000.0,4009255369000.0,5462552586000.0,2318983574000.0,16493815028000.0,643305361000.0,643305361000.0,161833537000.0,481471824000.0,158934578000.0,CENCOSUD,2024
13573122529000.0,2976277224000.0,483125584000.0,3798928406000.0,3670611817000.0,433098240000.0,3704831700000.0,5417340198000.0,2078932098000.0,14230641548000.0,693043163000.0,693043163000.0,179658292000.0,513384871000.0,220279761000.0,CENCOSUD,2023
13340199791000.0,3108157445000.0,373700303000.0,3753381559000.0,3670812256000.0,323455733000.0,3617020870000.0,5100523304000.0,2154835639000.0,14202097551000.0,739160243000.0,739160243000.0,97226822000.0,641933421000.0,338929324000.0,CENCOSUD,2022
17640891000.0,4383212000.0,2150113000.0,7294394000.0,1345594000.0,174443000.0,3432169000.0,8088526000.0,2170280000.0,14265056000.0,2238688000.0,2238688000.0,620070000.0,1618618000.0,1459984000.0,LTM,2025
15253365000.0,3900419000.0,1957788000.0,6290842000.0,723267000.0,104021000.0,2884076000.0,7150451000.0,1148291000.0,12833043000.0,1814788000.0,1814788000.0,820854000.0,993934000.0,976972000.0,LTM,2024
14667315000.0,4203362000.0,1714761000.0,5688135000.0,450302000.0,183678000.0,2882970000.0,6936188000.0,464411000.0,11640541000.0,1279379000.0,1279379000.0,682887000.0,596492000.0,581831000.0,LTM,2023
13211024000.0,3536424000.0,1216675000.0,5088695000.0,42278000.0,472821000.0,3004366000.0,6865631000.0,-7501896000.0,9362521000.0,2257877000.0,2257877000.0,911826000.0,1346051000.0,1339210000.0,LTM,2022
,,,,,,,,,,,,,,,LTM,2021
33209748000.0,9096891000.0,2461976000.0,5223996000.0,14318298000.0,1495056000.0,9281254000.0,12416063000.0,14536249000.0,29637952000.0,1810662000.0,2030840000.0,578364000.0,1232298000.0,876851000.0,COPEC,2025
28481540000.0,8466475000.0,2070930000.0,3987943000.0,12959928000.0,1184016000.0,7563555000.0,9956315000.0,13898831000.0,28749546000.0,2094063000.0,2287691000.0,552212000.0,1541851000.0,1111159000.0,COPEC,2024
28717638000.0,8864509000.0,1580187000.0,4717908000.0,12414662000.0,1952624000.0,7587734000.0,10708653000.0,13183223000.0,28528000000.0,1066593000.0,1283544000.0,620098000.0,446495000.0,348891000.0,COPEC,2023
28137046000.0,8544686000.0,1311631000.0,5082960000.0,12042521000.0,1967944000.0,7154220000.0,10024628000.0,13022176000.0,28613109000.0,2196016000.0,2353001000.0,344078000.0,1851938000.0,1466143000.0,COPEC,2022
,,,,,,,,,,,,,,,COPEC,2021
20578401000.0,4365561000.0,812368000.0,2089423000.0,10101384000.0,516925000.0,5549042000.0,6360180000.0,8284637000.0,7475096000.0,571974000.0,571974000.0,349871000.0,222103000.0,201724000.0,CMPC,2025
16935671000.0,4255310000.0,631632000.0,2044709000.0,7798739000.0,579658000.0,4951762000.0,5783746000.0,8111770000.0,7742688000.0,1093196000.0,1093196000.0,323547000.0,769649000.0,491053000.0,CMPC,2024
17177308000.0,4572339000.0,846258000.0,2476374000.0,7884443000.0,774531000.0,4736373000.0,5774675000.0,7754902000.0,8099816000.0,857472000.0,857472000.0,267051000.0,590421000.0,470242000.0,CMPC,2023
16571979000.0,4683116000.0,758690000.0,2399407000.0,7908737000.0,644182000.0,4138631000.0,5040226000.0,7461257000.0,7821345000.0,1585388000.0,1585388000.0,225026000.0,1360362000.0,1005375000.0,CMPC,2022
,,,,,,,,,,,,,,,CMPC,2021
7199543000.0,1414034000.0,181921000.0,376337000.0,3245341000.0,47887000.0,2376130000.0,2558900000.0,1460290000.0,1595567000.0,313056000.0,564379000.0,79917000.0,233139000.0,187207000.0,COLBUN,2025
6908204000.0,1200078000.0,573487000.0,370170000.0,3104259000.0,60032000.0,2100969000.0,2304024000.0,1290675000.0,1575984000.0,401973000.0,617208000.0,57238000.0,344735000.0,252457000.0,COLBUN,2024
6660723000.0,1426255000.0,247948000.0,470836000.0,2973256000.0,72986000.0,1910770000.0,2129267000.0,1127541000.0,2003619000.0,621097000.0,826978000.0,72525000.0,548572000.0,393489000.0,COLBUN,2023
6605974000.0,1688307000.0,198063000.0,542664000.0,2817580000.0,76213000.0,1925613000.0,2144034000.0,959285000.0,1974023000.0,492804000.0,712318000.0,76804000.0,416000000.0,295969000.0,COLBUN,2022
,,,,,,,,,,,,,,,COLBUN,2021
3645386969000.0,1511097013000.0,519175929000.0,795650399000.0,1471929546000.0,165875535000.0,1032196455000.0,1249994639000.0,1022138574000.0,2909625448000.0,190188531000.0,190188531000.0,79947714000.0,110240817000.0,117152207000.0,CCU,2025
3989716990000.0,1771266840000.0,707122815000.0,860006211000.0,1525183185000.0,139690765000.0,1225651244000.0,1414575877000.0,965778261000.0,2904566454000.0,262695001000.0,262695001000.0,97165278000.0,165529723000.0,160944138000.0,CCU,2024
3423946280000.0,1601683087000.0,618154016000.0,687482634000.0,1218364782000.0,63145729000.0,1224912658000.0,1329262486000.0,895871552000.0,2565556067000.0,180181236000.0,180181236000.0,77023048000.0,103158188000.0,105652728000.0,CCU,2023
3595078979000.0,1661948432000.0,597081675000.0,797152420000.0,1315026066000.0,165608202000.0,1166522898000.0,1372558268000.0,843045191000.0,2711434948000.0,211679270000.0,211679270000.0,75930875000.0,135748395000.0,118168351000.0,CCU,2022
,,,,,,,,,,,,,,,CCU,2021
1214662000.0,271753000.0,92256000.0,186131000.0,545488000.0,32841000.0,223000000.0,297000000.0,607947000.0,508709000.0,184974000.0,184974000.0,4259000.0,180715000.0,129298000.0,PUCOBRE,2025
847365000.0,150942000.0,17301000.0,150034000.0,522171000.0,47838000.0,0.0,71844000.0,530683000.0,375953000.0,96091000.0,96091000.0,5744000.0,90347000.0,64433000.0,PUCOBRE,2024
682270000.0,96304000.0,7447000.0,122850000.0,480074000.0,42021000.0,,61543000.0,486074000.0,307656000.0,45828000.0,45828000.0,3576000.0,42252000.0,30246000.0,PUCOBRE,2023
647981000.0,121259000.0,41259000.0,91575000.0,479048000.0,0.0,,24994000.0,478959000.0,347644000.0,101331000.0,101331000.0,1725000.0,99606000.0,70279000.0,PUCOBRE,2022
,,,,,,,,,,,,,,,PUCOBRE,2021
7084441000.0,514725000.0,324097000.0,73417000.0,7009698000.0,,,1096000.0,4398828000.0,0.0,375055000.0,375638000.0,107000.0,374948000.0,213091000.0,VAPORES,2025
7505505000.0,694862000.0,84271000.0,132205000.0,7271748000.0,,,1172000.0,4684366000.0,0.0,719513000.0,719970000.0,60000.0,719453000.0,388345000.0,VAPORES,2024
8268657000.0,1805173000.0,278304000.0,105821000.0,8088551000.0,0.0,,1488000.0,5479369000.0,0.0,947916000.0,948422000.0,12419000.0,935497000.0,258099000.0,VAPORES,2023
10296575000.0,611370000.0,97197000.0,2272000000.0,7914497000.0,559685000.0,99586000.0,561338000.0,5298700000.0,0.0,5330448000.0,5330862000.0,16332000.0,5314116000.0,5563209000.0,VAPORES,2022
,,,,,460920000.0,139390000.0,,,,,,,,,VAPORES,2021
5217767000.0,710725000.0,87080000.0,623902000.0,1732769000.0,136814000.0,2254265000.0,2487609000.0,282954000.0,2076554000.0,496734000.0,501649000.0,142072000.0,354662000.0,222839000.0,ECL,2025
4720780000.0,1080511000.0,498643000.0,649883000.0,1564797000.0,273326000.0,2127145000.0,2492314000.0,126967000.0,1836464000.0,442112000.0,446526000.0,130907000.0,311205000.0,228291000.0,ECL,2024
4258928000.0,986370000.0,301327000.0,708618000.0,1386013000.0,325204000.0,1805093000.0,2236904000.0,-46910000.0,2187837000.0,-371340000.0,-366474000.0,127764000.0,-499104000.0,-411054000.0,ECL,2023
4341798000.0,835843000.0,132365000.0,660219000.0,1802243000.0,383061000.0,1392613000.0,1917255000.0,364144000.0,1920266000.0,-445942000.0,-441877000.0,75485000.0,-521427000.0,-388769000.0,ECL,2022
,,,,,,,,,,,,,,,ECL,2021
2172578000.0,1140620000.0,294385000.0,653540000.0,979049000.0,232196000.0,386545000.0,639292000.0,892983000.0,2162647000.0,306792000.0,306792000.0,30324000.0,276468000.0,186514000.0,ENAEX,2025
1882271000.0,928758000.0,252567000.0,640892000.0,841153000.0,267193000.0,255270000.0,541778000.0,813492000.0,1916021000.0,273338000.0,273338000.0,30464000.0,242874000.0,160430000.0,ENAEX,2024
1902715000.0,925854000.0,244571000.0,600623000.0,831600000.0,272647000.0,337481000.0,625227000.0,747640000.0,1848440000.0,262079000.0,262079000.0,29106000.0,232973000.0,153694000.0,ENAEX,2023
1765847000.0,916758000.0,208465000.0,593120000.0,760783000.0,243973000.0,307238000.0,563764000.0,683572000.0,1949907000.0,250668000.0,250668000.0,16572000.0,234096000.0,159155000.0,ENAEX,2022
,,,,,,,,,,,,,,,ENAEX,2021
5115582000.0,2195121000.0,574609000.0,1409814000.0,1584306000.0,516560000.0,1173674000.0,1741625000.0,1162378000.0,4119101000.0,386556000.0,409968000.0,102344000.0,284212000.0,111144000.0,SK,2025
4763447000.0,2078616000.0,550496000.0,1467696000.0,1492724000.0,633530000.0,907986000.0,1593401000.0,1135145000.0,3780665000.0,369468000.0,393151000.0,116708000.0,252760000.0,103056000.0,SK,2024
4994485000.0,2141573000.0,425969000.0,1512633000.0,1525277000.0,658311000.0,1048826000.0,1761946000.0,1121561000.0,4006223000.0,364343000.0,364343000.0,108656000.0,255687000.0,116027000.0,SK,2023
4584303000.0,2049032000.0,388565000.0,1428468000.0,1468336000.0,481641000.0,904659000.0,1435989000.0,1082826000.0,3943436000.0,481401000.0,481401000.0,71196000.0,410205000.0,217361000.0,SK,2022
,,,,,,,,,,,,,,,SK,2021
246480000.0,90861000.0,11000.0,60026000.0,153732000.0,,,,-3442000.0,210419000.0,192366000.0,199266000.0,25000.0,192341000.0,140409000.0,PEHUENCHE,2025
252225000.0,93035000.0,23000.0,51691000.0,166103000.0,,,,8929000.0,263976000.0,234689000.0,241892000.0,98000.0,234591000.0,171455000.0,PEHUENCHE,2024
281065000.0,103951000.0,165000.0,57442000.0,182261000.0,,,,-107664000.0,246020377.855051,227960933.639902,235632893.509082,191087.520478,227769846.119425,166850973.057127,PEHUENCHE,2023
362957485.499664,179773516.315404,120093.479255,113920381.453694,204326287.913177,,,,21083718.109281,318757074.843706,298057649.082043,306877379.29736,64858.949598,297992790.132445,218683787.214161,PEHUENCHE,2022
,,,,,,,,,,,,,,,PEHUENCHE,2021
1863118000.0,748719000.0,535308000.0,254690000.0,1113001000.0,94098000.0,308256000.0,456287000.0,565626000.0,631830000.0,132760000.0,140500000.0,21233000.0,111527000.0,80443000.0,SMSAAM,2025
1784700000.0,679205000.0,486843000.0,169577000.0,1090758000.0,29962000.0,320600000.0,405954000.0,547859000.0,577641000.0,125817000.0,135883000.0,20797000.0,105020000.0,59185000.0,SMSAAM,2024
2185783000.0,1056273000.0,865113000.0,507744000.0,1168203000.0,110138000.0,314846000.0,462922000.0,608096000.0,540084000.0,91295000.0,102517000.0,27716000.0,63579000.0,500920000.0,SMSAAM,2023
1890064000.0,961149000.0,141963000.0,448168000.0,822381000.0,68054000.0,408991000.0,522779000.0,299003000.0,461835000.0,77504000.0,88194000.0,17768000.0,59736000.0,48176000.0,SMSAAM,2022
,,,,,,,,,,,,,,,SMSAAM,2021
10728014000.0,1497466000.0,200029000.0,440028000.0,4206143000.0,49050000.0,2586789000.0,2765472000.0,4862930000.0,1596143000.0,420157000.0,671582000.0,86452000.0,333705000.0,168687000.0,MINERA,2025
9705022000.0,1302556000.0,671039000.0,490860000.0,3505589000.0,61053000.0,2286359000.0,2485107000.0,4769200000.0,1576634000.0,566871000.0,782201000.0,65781000.0,501090000.0,243983000.0,MINERA,2024
9933508000.0,1611982000.0,337430000.0,848202000.0,3590847000.0,289811000.0,2112346000.0,2541669000.0,4659021000.0,2004126000.0,814387000.0,1020269000.0,85115000.0,729272000.0,333108000.0,MINERA,2023
9619917000.0,1723415000.0,216565000.0,852586000.0,3214660000.0,76542000.0,2246474000.0,2459116000.0,4265131000.0,1974476000.0,838970000.0,1058485000.0,84792000.0,754178000.0,413910000.0,MINERA,2022
,,,,,,,,,,,,,,,MINERA,2021
5716879713000.0,1349902280000.0,233650191000.0,1165931045000.0,1943296881000.0,23967855000.0,1554669479000.0,2270526357000.0,790934427000.0,2954930278000.0,175666485000.0,746432938000.0,86513025000.0,89153460000.0,191396469000.0,ENTEL,2025
5839398906000.0,1354153503000.0,79918872000.0,1390644381000.0,1836019637000.0,376957207000.0,1633380992000.0,2692348825000.0,690716323000.0,2703236728000.0,230879626000.0,775347882000.0,99712369000.0,131167257000.0,67672129000.0,ENTEL,2024
5698687722000.0,1596064579000.0,530862387000.0,1336992696000.0,1675452960000.0,298015527000.0,1764417374000.0,2655315872000.0,687788006000.0,2473692310000.0,218240058000.0,722382450000.0,97645427000.0,120594631000.0,88884366000.0,ENTEL,2023
5376265270000.0,1466539129000.0,186542396000.0,1113912604000.0,1554515776000.0,234508430000.0,1896271303000.0,2739871100000.0,653958559000.0,2540682904000.0,639677311000.0,1157696073000.0,99925867000.0,539751444000.0,456787332000.0,ENTEL,2022
,,,,,,,,,,,,,,,ENTEL,2021
1823219000.0,1278763000.0,73606000.0,301279000.0,942946000.0,3352000.0,495879000.0,506708000.0,461456000.0,2473779000.0,169320000.0,169320000.0,29370000.0,139950000.0,104530000.0,MOLYMET,2025
1692902000.0,1166963000.0,139951000.0,298689000.0,888242000.0,4288000.0,392192000.0,404584000.0,405982000.0,2063504000.0,133480000.0,133480000.0,36124000.0,97356000.0,65013000.0,MOLYMET,2024
1968980000.0,1329028000.0,375165000.0,254501000.0,862857000.0,4691000.0,758392000.0,772298000.0,369979000.0,2475078000.0,76295000.0,76295000.0,49725000.0,26570000.0,23738000.0,MOLYMET,2023
1974893000.0,1377794000.0,170235000.0,616532000.0,845915000.0,84943000.0,382176000.0,477916000.0,359727000.0,1883085000.0,149980000.0,149980000.0,21651000.0,128329000.0,89777000.0,MOLYMET,2022
,,,,,,,,,,,,,,,MOLYMET,2021
826467295000.0,237170692000.0,117264105000.0,136250425000.0,241597921000.0,8298576000.0,254350177000.0,347764490000.0,90714340000.0,944603955000.0,134858344000.0,159644666000.0,19020994000.0,115837350000.0,78929423000.0,LIPIGAS,2025
784088322000.0,227272330000.0,97949747000.0,126878962000.0,213974597000.0,6829700000.0,245634162000.0,336024582000.0,68799324000.0,889617048000.0,108235583000.0,124211772000.0,18973308000.0,89262275000.0,62000110000.0,LIPIGAS,2024
735359547000.0,214386660000.0,115597511000.0,112945964000.0,190986198000.0,7975632000.0,234031026000.0,330032965000.0,53705487000.0,739486999000.0,71122098000.0,86626680000.0,16178023000.0,54944075000.0,37996159000.0,LIPIGAS,2023
696240552000.0,159742997000.0,45297769000.0,107652361000.0,172602599000.0,5242139000.0,224467702000.0,321590917000.0,47623766000.0,854711153000.0,71967503000.0,87673498000.0,15334278000.0,56633225000.0,39217276000.0,LIPIGAS,2022
,,,,,,,,,,,,,,,LIPIGAS,2021
3433831077000.0,350644891000.0,173664999000.0,280892523000.0,934410875000.0,41870675000.0,1216854902000.0,1264671511000.0,226509528000.0,712787064000.0,230361244000.0,318670833000.0,54911033000.0,175450211000.0,68106386000.0,IAM,2025
3290770799000.0,289941134000.0,109990875000.0,352203023000.0,918986373000.0,95144045000.0,1054397316000.0,1153946828000.0,201621765000.0,663124854000.0,205822045000.0,288048843000.0,48918930000.0,156903115000.0,60540815000.0,IAM,2024
2696476071000.0,276781050000.0,110795410000.0,362634346000.0,715849689000.0,127842822000.0,964288182000.0,1096649661000.0,203895644000.0,640855854000.0,214239638000.0,291936718000.0,48515582000.0,165724056000.0,65277259000.0,IAM,2023
2651930195000.0,326058264000.0,180545868000.0,266626154000.0,691794448000.0,47361170000.0,1046433063000.0,1097864490000.0,181974048000.0,580468054000.0,117564113000.0,192385030000.0,36281873000.0,81282240000.0,41320156000.0,IAM,2022
,,,,,,,,,,,,,,,IAM,2021
6116224000.0,1188950000.0,311442000.0,1019237000.0,1734086000.0,522828000.0,1257491000.0,1841951000.0,1390918000.0,1930033000.0,39690000.0,44215000.0,112861000.0,-73171000.0,-84660000.0,CAP,2025
6355771000.0,1290157000.0,392263000.0,1152649000.0,1817979000.0,537200000.0,1171861000.0,1782582000.0,1488397000.0,1801367000.0,184959000.0,188642000.0,109322000.0,75637000.0,-426881000.0,CAP,2024
7006540000.0,2015012000.0,497081000.0,1409958000.0,2266167000.0,658948000.0,1071445000.0,1799777000.0,1916736000.0,2400759000.0,641123000.0,644064000.0,79169000.0,561954000.0,-6987000.0,CAP,2023
6561715000.0,1684842000.0,271432000.0,1495196000.0,2277312000.0,449761000.0,559781000.0,1080877000.0,1923731000.0,3006047000.0,572377000.0,577290000.0,62860000.0,509517000.0,225971000.0,CAP,2022
,,,,,,,,,,,,,,,CAP,2021
4125759004000.0,1574103305000.0,237138856000.0,1890538443000.0,1156735714000.0,51048991000.0,493549091000.0,982403116000.0,646084026000.0,2219805354000.0,192788059000.0,270656228000.0,49948041000.0,142840018000.0,119205011000.0,RIPLEY,2025
3944151485000.0,1578252448000.0,271998384000.0,1845696501000.0,1053454452000.0,131694374000.0,387671892000.0,997894752000.0,552330718000.0,2087322377000.0,119524042000.0,198803436000.0,48559066000.0,70964976000.0,53975295000.0,RIPLEY,2024
3736275129000.0,1515341427000.0,287432301000.0,1796876401000.0,949898724000.0,205749701000.0,258061608000.0,990572683000.0,510448816000.0,1926417770000.0,-41904745000.0,33116175000.0,41003339000.0,-82908084000.0,-50774383000.0,RIPLEY,2023
3865279991000.0,1809329279000.0,324137787000.0,1694581553000.0,1011757137000.0,84971240000.0,463708668000.0,976601226000.0,599944721000.0,2074701458000.0,30844186000.0,100942317000.0,41640736000.0,-10796550000.0,20825820000.0,RIPLEY,2022
,,,,,,,,,,,,,,,RIPLEY,2021
1436351541000.0,858623235000.0,114585578000.0,619308753000.0,367955477000.0,106824245000.0,222215928000.0,494547959000.0,263515524000.0,1097141506000.0,122728260000.0,122728260000.0,31469266000.0,91258994000.0,61114324000.0,BESALCO,2025
1252360777000.0,726258747000.0,48961953000.0,574034672000.0,327628422000.0,132912699000.0,153231276000.0,411241162000.0,223891977000.0,1023897920000.0,99593336000.0,99593336000.0,29541872000.0,70051464000.0,45175088000.0,BESALCO,2024
1081776732000.0,626565709000.0,80694651000.0,501017698000.0,283002977000.0,117177168000.0,118651784000.0,351469746000.0,194008801000.0,860743975000.0,105542426000.0,105542426000.0,30227814000.0,75314612000.0,44137014000.0,BESALCO,2023
1030235577000.0,584214539000.0,65488274000.0,479492976000.0,253638638000.0,114671160000.0,149936201000.0,364198252000.0,163115714000.0,784841425000.0,87404679000.0,87404679000.0,20248171000.0,67156508000.0,40514732000.0,BESALCO,2022
,,,,,,,,,,,,,,,BESALCO,2021
1610164834000.0,889475910000.0,56788727000.0,439043344000.0,612903460000.0,188250893000.0,333136671000.0,528967245000.0,509887123000.0,1319967152000.0,98100679000.0,98100679000.0,27296414000.0,70804265000.0,59618036000.0,ELECMETAL,2025
1615158202000.0,860520208000.0,55421762000.0,472640290000.0,612410748000.0,209776519000.0,292141088000.0,510617987000.0,474183876000.0,1298811330000.0,121470330000.0,121470330000.0,31246261000.0,90224069000.0,64284462000.0,ELECMETAL,2024
1535723830000.0,812157209000.0,72462350000.0,407543640000.0,518017594000.0,166711511000.0,397018011000.0,572058259000.0,436616014000.0,1171430209000.0,88696532000.0,88696532000.0,33220853000.0,55475679000.0,47332861000.0,ELECMETAL,2023
1603190534000.0,862791484000.0,77613457000.0,512072844000.0,493542431000.0,255693209000.0,366253267000.0,627124631000.0,408367236000.0,1149631195000.0,82545450000.0,82545450000.0,27909371000.0,54636079000.0,41255028000.0,ELECMETAL,2022
,,,,,,,,,,,,,,,ELECMETAL,2021
2520553236000.0,428859315000.0,84500410000.0,590177356000.0,825361530000.0,27360307000.0,0.0,735430255000.0,149818052000.0,2819055320000.0,132257967000.0,251764622000.0,61438471000.0,70819496000.0,63122658000.0,SMU,2025
2505924288000.0,540722656000.0,154889843000.0,683458500000.0,812176942000.0,16902693000.0,0.0,579750251000.0,137196521000.0,2887165316000.0,108169780000.0,216785067000.0,61142790000.0,47026990000.0,48749561000.0,SMU,2024
2384172895000.0,501110633000.0,105218085000.0,650842072000.0,813048372000.0,19546230000.0,2000000000.0,567798498000.0,140754103000.0,2862382871000.0,153536972000.0,254234182000.0,53331233000.0,100205739000.0,88784026000.0,SMU,2023
2328636625000.0,497234617000.0,124531412000.0,652437841000.0,782918829000.0,19975314000.0,6000000000.0,515922213000.0,114581948000.0,2826313519000.0,141547335000.0,233115320000.0,52995668000.0,88551667000.0,132087516000.0,SMU,2022
,,,,,,,,,,,,,,,SMU,2021
1634630735000.0,607983692000.0,28932544000.0,316939461000.0,639705488000.0,126943923000.0,521990834000.0,660197021000.0,562730946000.0,1625150258000.0,160340097000.0,160340097000.0,28681554000.0,131658543000.0,95486021000.0,CAROZZI,2025
1602444588000.0,621820870000.0,64543801000.0,367117402000.0,615050144000.0,135330193000.0,276549043000.0,421652772000.0,496047690000.0,1560466036000.0,191130382000.0,191130382000.0,10392545000.0,180737837000.0,102085656000.0,CAROZZI,2024
1460982780000.0,578315665000.0,62352313000.0,361797447000.0,502491378000.0,152816419000.0,290225214000.0,450528329000.0,424696851000.0,1470164372000.0,164618875000.0,164618875000.0,21188593000.0,143430282000.0,82907182000.0,CAROZZI,2023
1464788447000.0,604150323000.0,28401094000.0,354084426000.0,454112387000.0,163132947000.0,367833194000.0,539859286000.0,366809738000.0,1350590195000.0,125025597000.0,125025597000.0,21982230000.0,103043367000.0,65677553000.0,CAROZZI,2022
,,,,,,,,,,,,,,,CAROZZI,2021
1737156504000.0,844489858000.0,57270659000.0,462353053000.0,858330216000.0,164063728000.0,310711454000.0,483721506000.0,784351956000.0,975332952000.0,104580466000.0,104580466000.0,13901747000.0,90678719000.0,67220320000.0,CONCHATORO,2025
1718769070000.0,849575742000.0,45500034000.0,505542137000.0,817671946000.0,187946049000.0,273082419000.0,471231328000.0,745080747000.0,958629954000.0,120766522000.0,120766522000.0,15146432000.0,105620090000.0,77420064000.0,CONCHATORO,2024
1636537152000.0,821783906000.0,34185194000.0,456385261000.0,774256549000.0,189137821000.0,294560294000.0,496302449000.0,696336230000.0,837213197000.0,68882490000.0,68882490000.0,16406674000.0,52475816000.0,43126287000.0,CONCHATORO,2023
1580181338000.0,784435869000.0,33791676000.0,442639527000.0,756762764000.0,142429933000.0,259258573000.0,413535544000.0,676423359000.0,870581770000.0,111043937000.0,111043937000.0,9320542000.0,101723395000.0,87212576000.0,CONCHATORO,2022
,,,,,,,,,,,,,,,CONCHATORO,2021
2713683000.0,25093000.0,5094000.0,16312000.0,2597964000.0,13000.0,79680000.0,80012000.0,2835432000.0,3451000.0,75295000.0,75356000.0,5150000.0,70145000.0,69536000.0,PASUR,2025
2135611000.0,33724000.0,31918000.0,37567000.0,2003307000.0,39000.0,72537000.0,72914000.0,2781612000.0,2913000.0,136163000.0,136220000.0,4406000.0,131757000.0,132964000.0,PASUR,2024
2237604000.0,73337000.0,8362000.0,167561000.0,2052584000.0,117664000.0,0.0,117664000.0,2672872000.0,4288000.0,139870000.0,139870000.0,3971000.0,135899000.0,134486000.0,PASUR,2023
2199548000.0,31384000.0,17305000.0,184481000.0,1876864000.0,43000.0,120543000.0,120586000.0,2461793000.0,4694000.0,263877000.0,263877000.0,3777000.0,260100000.0,254071000.0,PASUR,2022
,,,,,,,,,,,,,,,PASUR,2021
2903070427000.0,767328314000.0,2549118000.0,838013212000.0,697130597000.0,,,10446835000.0,787111331000.0,1672206102000.0,48196292000.0,114875255000.0,5390738000.0,42805554000.0,38275365000.0,ENELDXCH,2025
2883375356000.0,669750787000.0,2697596000.0,775649811000.0,670847364000.0,,,2198030000.0,760828099000.0,1635173833000.0,-28157589000.0,26687296000.0,7421430000.0,-35579019000.0,-25485664000.0,ENELDXCH,2024
2385524692000.0,536336504000.0,2940695000.0,576000953000.0,699037793000.0,,,3232994000.0,788921244000.0,1504847651000.0,15299775000.0,66275820000.0,7283316000.0,8016459000.0,14002807000.0,ENELDXCH,2023
2021184795000.0,517448833000.0,1645018000.0,707079954000.0,684978987000.0,,,3233330000.0,778754348000.0,1380292907000.0,8645775000.0,56555797000.0,6731036000.0,1914739000.0,22126727000.0,ENELDXCH,2022
,,,,,0.0,0.0,,,,,,,,,ENELDXCH,2021
605518016000.0,97851780000.0,38892857000.0,42767251000.0,469156446000.0,5025688000.0,,8647630000.0,47797471000.0,150998239000.0,56586741000.0,73118900000.0,971969000.0,55614772000.0,31505303000.0,NUAM,2025
595646571000.0,100870182000.0,33589340000.0,51145888000.0,448120432000.0,11291535000.0,,16288089000.0,26860518000.0,144021648000.0,56897671000.0,73146522000.0,843453000.0,56054218000.0,32143002000.0,NUAM,2024
590021589000.0,79153773000.0,36123516000.0,31193417000.0,425868473000.0,1667377000.0,,6657024000.0,15484470000.0,21842306000.0,4151444000.0,8029304000.0,30556000.0,4120888000.0,2560627000.0,NUAM,2023
999000.0,999000.0,999000.0,0.0,999000.0,0.0,,0.0,0.0,,,,,,,NUAM,2022
386918404000.0,224020238000.0,28090756000.0,70853243000.0,255336940000.0,581930000.0,0.0,79357056000.0,205844207000.0,403758469000.0,39417537000.0,68615514000.0,5277338000.0,34140199000.0,27452465000.0,FORUS,2025
359285414000.0,212842554000.0,22858031000.0,67310194000.0,236524320000.0,2658834000.0,436572000.0,73495113000.0,189258956000.0,375982660000.0,45311166000.0,71620089000.0,4683016000.0,40628150000.0,30093199000.0,FORUS,2024
307698985000.0,193479933000.0,26726187000.0,58545233000.0,216297706000.0,1821088000.0,124539000.0,46400396000.0,171097656000.0,326554888000.0,40325048000.0,64180403000.0,3747837000.0,36577211000.0,28860103000.0,FORUS,2023
287620883000.0,191928135000.0,26850834000.0,59401329000.0,196722196000.0,17082613000.0,31489884000.0,48572497000.0,156946425000.0,315055264000.0,38583674000.0,68731200000.0,2609994000.0,35973680000.0,31542741000.0,FORUS,2022
,,,,,,,,,,,,,,,FORUS,2021
1685780873000.0,562632396000.0,107256375000.0,548450439000.0,949748386000.0,33775968000.0,1635103000.0,74187031000.0,76373502000.0,881585845000.0,-69119147000.0,71682408000.0,15543538000.0,-84662685000.0,-64426877000.0,CTC,2025
1752654288000.0,581688121000.0,13626454000.0,466074481000.0,1012639073000.0,6462577000.0,48404521000.0,86152100000.0,140800379000.0,924784274000.0,-57414840000.0,80231981000.0,16334452000.0,-73749292000.0,-63875759000.0,CTC,2024
1915484672000.0,623620353000.0,138774107000.0,553925933000.0,1078578248000.0,1642633000.0,44781880000.0,80060534000.0,204676138000.0,963194263000.0,-6235148000.0,158265006000.0,21318939000.0,-27554087000.0,-7565846000.0,CTC,2023
1845391477000.0,655796608000.0,154501405000.0,518266327000.0,1020089792000.0,19568736000.0,0.0,54268153000.0,213148086000.0,917562941000.0,82508320000.0,193798071000.0,28605382000.0,53902938000.0,50050388000.0,CTC,2022
,,,,,,,,,,,,,,,CTC,2021
5957698572000.0,1352438485000.0,236023630000.0,1165398697000.0,1254894740000.0,25970246000.0,1554669479000.0,2272528748000.0,568845519000.0,2954930278000.0,173096416000.0,747445621000.0,86748519000.0,86347897000.0,103170100000.0,ALMENDRAL,2025
6091141900000.0,1364082556000.0,89747310000.0,1407170514000.0,1186960358000.0,385960227000.0,1635384445000.0,2703355298000.0,504783490000.0,2703236728000.0,226379432000.0,774431077000.0,100379554000.0,125999878000.0,32858461000.0,ALMENDRAL,2024
5946741293000.0,1598685230000.0,533330369000.0,1352379305000.0,1086384833000.0,313012909000.0,1775420862000.0,2681316742000.0,490681850000.0,2473692310000.0,218339145000.0,722485335000.0,99046567000.0,119292578000.0,48421899000.0,ALMENDRAL,2023
5653410801000.0,1498217636000.0,199735925000.0,1139679302000.0,1022819491000.0,252060833000.0,1922247709000.0,2783399909000.0,474804100000.0,2540682904000.0,641854238000.0,1159879956000.0,101903257000.0,539950981000.0,243095208000.0,ALMENDRAL,2022
,,,,,,,,,,,,,,,ALMENDRAL,2021
1014798000.0,461496000.0,34791000.0,336818000.0,468151000.0,138744000.0,148150000.0,296056000.0,134394000.0,712814000.0,47786000.0,49368000.0,24529000.0,23257000.0,18115000.0,BLUMAR,2025
1034536000.0,503386000.0,60790000.0,260425000.0,461749000.0,61520000.0,245842000.0,314087000.0,126443000.0,617735000.0,53634000.0,55789000.0,25875000.0,27759000.0,17873000.0,BLUMAR,2024
927975000.0,393512000.0,35203000.0,167536000.0,446397000.0,18132000.0,261254000.0,284912000.0,111779000.0,674447000.0,39246000.0,41768000.0,21010000.0,18236000.0,13146000.0,BLUMAR,2023
911947000.0,407691000.0,32712000.0,299629000.0,441879000.0,140834000.0,118873000.0,263676000.0,106626000.0,659829000.0,101841000.0,106014000.0,15335000.0,86506000.0,63521000.0,BLUMAR,2022
,,,,,,,,,,,,,,,BLUMAR,2021
4117314052000.0,851085855000.0,28288013000.0,1201177461000.0,1466516505000.0,411975917000.0,791344318000.0,1216423844000.0,342940327000.0,2340591599000.0,82378808000.0,98669797000.0,65381932000.0,16996876000.0,11999920000.0,CGE,2025
4032630877000.0,698242580000.0,58863189000.0,1116674150000.0,1460256514000.0,340672902000.0,833705200000.0,1182744371000.0,334691725000.0,2666444095000.0,175080160000.0,189606114000.0,65089540000.0,109990620000.0,87697692000.0,CGE,2024
3971138990000.0,1059307853000.0,23420939000.0,1136292296000.0,1397738540000.0,171026926000.0,825603668000.0,1006653101000.0,273312360000.0,2081914793000.0,81232806000.0,81232806000.0,67579080000.0,13653726000.0,12089319000.0,CGE,2023
3767320733000.0,550328423000.0,32826815000.0,449090199000.0,1391896387000.0,48797728000.0,828164898000.0,888097370000.0,264853494000.0,2286048014000.0,36109993000.0,36109993000.0,34802820000.0,1307173000.0,38433181000.0,CGE,2022
,,,,,,,,,,,,,,,CGE,2021
458888000.0,323870000.0,10532000.0,106776000.0,224053000.0,1477000.0,101741000.0,104624000.0,59839000.0,385700000.0,43823000.0,43844000.0,8118000.0,35705000.0,25527000.0,SALMOCAM,2025
452439000.0,310098000.0,37962000.0,119043000.0,206711000.0,24472000.0,104895000.0,131046000.0,42942000.0,404504000.0,30784000.0,30804000.0,12509000.0,18275000.0,13918000.0,SALMOCAM,2024
471750000.0,329218000.0,24269000.0,139603000.0,194864000.0,27721000.0,119043000.0,149031000.0,30743000.0,353914000.0,1285000.0,1324000.0,9770000.0,-8485000.0,-5991000.0,SALMOCAM,2023
422576000.0,283976000.0,20791000.0,94403000.0,213052000.0,909000.0,94956000.0,96640000.0,48889000.0,372961000.0,67294000.0,67348000.0,6821000.0,60473000.0,44704000.0,SALMOCAM,2022
,,,,,,,,,,,,,,,SALMOCAM,2021
612004937000.0,436322734000.0,47756399000.0,290290791000.0,180691098000.0,101930474000.0,95717731000.0,224391428000.0,98450450000.0,622531820000.0,41565551000.0,42942200000.0,10835613000.0,30729938000.0,25349922000.0,EISA,2025
550656750000.0,349239991000.0,28011704000.0,313108255000.0,157891681000.0,138643257000.0,48047473000.0,199728677000.0,75681690000.0,538828295000.0,45099489000.0,46730356000.0,12890693000.0,32208796000.0,25121944000.0,EISA,2024
527000187000.0,361199052000.0,18741943000.0,322990668000.0,143034042000.0,161606917000.0,28558946000.0,199050723000.0,63120718000.0,568792649000.0,35163556000.0,36563415000.0,14583983000.0,20579573000.0,17757735000.0,EISA,2023
486050814000.0,321789229000.0,18229190000.0,282118420000.0,132882746000.0,132839209000.0,32355508000.0,178259285000.0,54267991000.0,542911018000.0,18277173000.0,19854357000.0,10327697000.0,7949476000.0,11351931000.0,EISA,2022
,,,,,,,,,,,,,,,EISA,2021
225468495000.0,70254536000.0,12412898000.0,54845957000.0,122293646000.0,29601820000.0,29871469000.0,61215344000.0,84238260000.0,236760151000.0,35898432000.0,37710021000.0,2541942000.0,33356490000.0,26088023000.0,OXIQUIM,2025
229447661000.0,78301024000.0,8421301000.0,63679946000.0,116786270000.0,27580131000.0,30117719000.0,59461136000.0,78184033000.0,235353682000.0,37763964000.0,39615645000.0,2375392000.0,35388572000.0,26317615000.0,OXIQUIM,2024
225327540000.0,72173954000.0,9568228000.0,54530324000.0,107595898000.0,22597198000.0,35908960000.0,60333569000.0,69386658000.0,214648545000.0,34362171000.0,36141969000.0,2754593000.0,31607578000.0,23896013000.0,OXIQUIM,2023
224213963000.0,79994205000.0,7264794000.0,54254703000.0,98830660000.0,20817020000.0,45916955000.0,68197970000.0,60497328000.0,264695337000.0,39831739000.0,41516256000.0,2439785000.0,37391954000.0,29060301000.0,OXIQUIM,2022
,,,,,,,,,,,,,,,OXIQUIM,2021
409107264000.0,111938962000.0,17658278000.0,94974614000.0,207269586000.0,18767472000.0,69495252000.0,99981549000.0,57067728000.0,272306002000.0,22913308000.0,32316678000.0,7445822000.0,15467486000.0,15659985000.0,INDISA,2025
272435941000.0,98835935000.0,10651346000.0,83346707000.0,109156351000.0,20591846000.0,72863983000.0,103959150000.0,46107380000.0,239071048000.0,15608384000.0,16527509000.0,7616844000.0,7991540000.0,7275926000.0,INDISA,2024
276574934000.0,99633557000.0,12762811000.0,88743225000.0,104019753000.0,28664138000.0,73243514000.0,115029916000.0,40970782000.0,218933889000.0,6024568000.0,7101384000.0,8605601000.0,-2581033000.0,144306000.0,INDISA,2023
272964718000.0,99252869000.0,14188761000.0,88356335000.0,101700988000.0,28148672000.0,70650950000.0,112819498000.0,38652017000.0,191288381000.0,17399083000.0,18438085000.0,4746712000.0,12652371000.0,13049880000.0,INDISA,2022
,,,,,,,,,,,,,,,INDISA,2021
863614000.0,473804000.0,31634000.0,227654000.0,375386000.0,26469000.0,154175000.0,197906000.0,64225000.0,854477000.0,85183000.0,85903000.0,14964000.0,70219000.0,41746000.0,CAMANCHACA,2025
852793000.0,446335000.0,55673000.0,203486000.0,350478000.0,48487000.0,165295000.0,231143000.0,40522000.0,812862000.0,53872000.0,54539000.0,18844000.0,35028000.0,21944000.0,CAMANCHACA,2024
888920000.0,462757000.0,44721000.0,215264000.0,379015000.0,55434000.0,184549000.0,261224000.0,25301000.0,761843000.0,35537000.0,36225000.0,14899000.0,20638000.0,5397000.0,CAMANCHACA,2023
824564000.0,411170000.0,37030000.0,159827000.0,381710000.0,15730000.0,165630000.0,200653000.0,32082000.0,722875000.0,90119000.0,92186000.0,10190000.0,79929000.0,38218000.0,CAMANCHACA,2022
,,,,,,,,,,,,,,,CAMANCHACA,2021
405409737000.0,123444295000.0,3373631000.0,134219210000.0,209136108000.0,40698771000.0,31075000000.0,95066456000.0,66211039000.0,380981208000.0,15581147000.0,19414552000.0,10546791000.0,5034356000.0,5645407000.0,POLPAICO,2025
391479088000.0,122626729000.0,3902313000.0,170858122000.0,125197451000.0,68647838000.0,62131548000.0,146688425000.0,61861611000.0,339908205000.0,8229973000.0,10956477000.0,12879047000.0,-4649074000.0,259031000.0,POLPAICO,2024
387489469000.0,128718529000.0,8221008000.0,126053414000.0,125042273000.0,36954274000.0,104162596000.0,158280309000.0,61680289000.0,341136086000.0,-4775533000.0,-1361866000.0,11800087000.0,-16575620000.0,-4722859000.0,POLPAICO,2023
378916633000.0,135389657000.0,17277354000.0,142415277000.0,131191165000.0,52277174000.0,75550067000.0,143077500000.0,69147948000.0,368391132000.0,4430237000.0,9337771000.0,9013013000.0,-4582776000.0,3921143000.0,POLPAICO,2022
,,,,,,,,,,,,,,,POLPAICO,2021
1562135000.0,404313000.0,104077000.0,385617000.0,459850000.0,143026000.0,451218000.0,726054000.0,285279000.0,1101203000.0,131752000.0,142129000.0,47452000.0,84300000.0,49328000.0,NAVIERA,2025
1496333000.0,353927000.0,82253000.0,408015000.0,409793000.0,187802000.0,424987000.0,726926000.0,261188000.0,969466000.0,114341000.0,120123000.0,43662000.0,70679000.0,38418000.0,NAVIERA,2024
1291821000.0,318456000.0,66122000.0,330296000.0,403535000.0,132578000.0,388855000.0,576015000.0,245445000.0,902395000.0,93155000.0,96960000.0,39974000.0,53181000.0,29507000.0,NAVIERA,2023
1287077000.0,341005000.0,100766000.0,289002000.0,403403000.0,86458000.0,430709000.0,567460000.0,253547000.0,962199000.0,109176000.0,113945000.0,29249000.0,79927000.0,54961000.0,NAVIERA,2022
,,,,,,,,,,,,,,,NAVIERA,2021
449937000.0,81883000.0,2843000.0,63180000.0,145970000.0,16176000.0,185357000.0,202049000.0,84502000.0,175564000.0,26316000.0,26316000.0,9802000.0,16514000.0,11464000.0,VENTANAS,2025
432719000.0,111815000.0,1231000.0,131088000.0,135795000.0,73397000.0,110650000.0,185145000.0,78644000.0,151993000.0,19365000.0,19365000.0,9351000.0,10014000.0,6361000.0,VENTANAS,2024
392643000.0,110818000.0,7794000.0,100742000.0,139986000.0,51512000.0,86661000.0,139571000.0,76601000.0,155700000.0,38878000.0,38878000.0,8142000.0,30736000.0,21597000.0,VENTANAS,2023
345346000.0,92904000.0,21516000.0,74695000.0,129610000.0,27338000.0,81010000.0,110296000.0,64745000.0,164311000.0,30608000.0,30608000.0,5052000.0,25556000.0,16623000.0,VENTANAS,2022
,,,,,,,,,,,,,,,VENTANAS,2021
1468863816000.0,861411112000.0,101139989000.0,508778060000.0,578301889000.0,81511048000.0,259538628000.0,401356207000.0,323740515000.0,1444304839000.0,73547952000.0,80474147000.0,49133789000.0,24414163000.0,16969016000.0,SONDA,2025
1508284142000.0,829956840000.0,143982054000.0,530467949000.0,580767680000.0,79524717000.0,253872856000.0,404062842000.0,320205731000.0,1407122354000.0,97837013000.0,103465587000.0,45346451000.0,52490562000.0,31900746000.0,SONDA,2024
1442448977000.0,799915328000.0,134135348000.0,533911514000.0,574932243000.0,113889512000.0,211037419000.0,366942593000.0,298461125000.0,1300157592000.0,85954554000.0,91019064000.0,31310620000.0,54643934000.0,38150872000.0,SONDA,2023
1125038892000.0,593276552000.0,147797309000.0,328840163000.0,519903994000.0,85916409000.0,201045019000.0,325720699000.0,279385689000.0,1068112142000.0,78717803000.0,82154010000.0,24008800000.0,54709003000.0,35501640000.0,SONDA,2022
,,,,,,,,,,,,,,,SONDA,2021
1068888896000.0,138394847000.0,14031775000.0,203653335000.0,478128974000.0,73787204000.0,161861594000.0,287105754000.0,248211753000.0,619268558000.0,39810997000.0,45809857000.0,18860130000.0,20950867000.0,17977388000.0,GASCO,2025
1028362975000.0,153734854000.0,38551692000.0,170390719000.0,468625856000.0,37329423000.0,163904987000.0,253622407000.0,231219019000.0,582270340000.0,50059556000.0,55570943000.0,12477556000.0,37582000000.0,21927832000.0,GASCO,2024
878539623000.0,153483583000.0,35452049000.0,132702528000.0,398441997000.0,19052454000.0,147056410000.0,209669747000.0,213372540000.0,500956305000.0,36714946000.0,41536294000.0,14382698000.0,22332248000.0,17709580000.0,GASCO,2023
826345264000.0,149223459000.0,42011726000.0,115010077000.0,364750076000.0,21749774000.0,153513924000.0,221232290000.0,196923639000.0,533831796000.0,26118000000.0,30237707000.0,13435940000.0,12682060000.0,12985403000.0,GASCO,2022
,,,,,,,,,,,,,,,GASCO,2021
6841001000.0,1193707000.0,313447000.0,1057662000.0,878503000.0,560722000.0,1257491000.0,1879845000.0,788606000.0,1930009000.0,23369000.0,27894000.0,115221000.0,-91852000.0,-43586000.0,INVERCAP,2025
7099136000.0,1293160000.0,395317000.0,1188385000.0,921757000.0,572580000.0,1171861000.0,1817962000.0,837744000.0,1801317000.0,144316000.0,147999000.0,111876000.0,32440000.0,-199435000.0,INVERCAP,2024
7791439000.0,2022402000.0,503644000.0,1411882000.0,1129790000.0,660289000.0,1106445000.0,1836118000.0,1037179000.0,2400605000.0,635736000.0,638677000.0,95122000.0,540614000.0,-10355000.0,INVERCAP,2023
7365014000.0,1686796000.0,272291000.0,1477640000.0,1158248000.0,449775000.0,594781000.0,1115891000.0,1063839000.0,3005951000.0,540454000.0,545367000.0,65390000.0,475064000.0,86761000.0,INVERCAP,2022
,,,,,,,,,,,,,,,INVERCAP,2021
370145448000.0,204033269000.0,46985568000.0,120765066000.0,150968562000.0,70666986000.0,15624182000.0,167852435000.0,35101931000.0,269267422000.0,33155369000.0,53182045000.0,7437425000.0,25717944000.0,20025819000.0,TRICOT,2025
346832064000.0,187909773000.0,47451032000.0,109921799000.0,142417410000.0,65878909000.0,15231828000.0,157220062000.0,26546511000.0,237862645000.0,28364637000.0,47454125000.0,6850335000.0,21514302000.0,17300358000.0,TRICOT,2024
327385840000.0,165196095000.0,34858827000.0,93872973000.0,135256891000.0,56585332000.0,12778115000.0,149706854000.0,18303271000.0,215953128000.0,18187160000.0,37010456000.0,6129134000.0,12058026000.0,10684874000.0,TRICOT,2023
321995667000.0,161682686000.0,30622873000.0,85472756000.0,130795928000.0,45458839000.0,18683858000.0,146324653000.0,11892346000.0,209421945000.0,14636765000.0,31011753000.0,4819290000.0,9817475000.0,11825321000.0,TRICOT,2022
,,,,,,,,,,,,,,,TRICOT,2021
422714231000.0,79672205000.0,24533961000.0,22894918000.0,296041309000.0,189205000.0,78426659000.0,81433246000.0,282348334000.0,141008922000.0,19727677000.0,19727677000.0,1647148000.0,18080529000.0,17339176000.0,VOLCAN,2025
416254462000.0,78863788000.0,22135118000.0,24068195000.0,290935854000.0,182251000.0,75601326000.0,78425130000.0,274856781000.0,138115249000.0,21620611000.0,21620611000.0,1573066000.0,20047545000.0,19174587000.0,VOLCAN,2024
387156359000.0,80836908000.0,24901551000.0,24534274000.0,264396917000.0,173893000.0,72176394000.0,74901259000.0,262489357000.0,151263829000.0,22618671000.0,22618671000.0,1546200000.0,21072471000.0,18984044000.0,VOLCAN,2023
374657561000.0,86454169000.0,11893091000.0,30795301000.0,249361155000.0,165326000.0,68675368000.0,71631906000.0,249792954000.0,175743425000.0,39133676000.0,39133676000.0,676630000.0,38457046000.0,33274697000.0,VOLCAN,2022
,,,,,,,,,,,,,,,VOLCAN,2021
624955795000.0,335497608000.0,15325881000.0,144642594000.0,287322489000.0,41099405000.0,156072323000.0,205887740000.0,184200694000.0,633499552000.0,30735151000.0,30735151000.0,11479795000.0,19255356000.0,21612277000.0,WATTS,2025
628738705000.0,329721780000.0,11979580000.0,146220352000.0,286792576000.0,41543843000.0,157608342000.0,207825302000.0,174093411000.0,610353922000.0,33390167000.0,33390167000.0,8998943000.0,24391224000.0,25236385000.0,WATTS,2024
580867179000.0,297349633000.0,8283219000.0,126211637000.0,262164001000.0,29604691000.0,151683611000.0,191250803000.0,165857327000.0,596818415000.0,29467502000.0,29467502000.0,9995085000.0,19472417000.0,21456889000.0,WATTS,2023
593408934000.0,312857700000.0,8161266000.0,128424665000.0,250763375000.0,35904259000.0,169496917000.0,216216201000.0,158873565000.0,603695397000.0,18544409000.0,18544409000.0,10818108000.0,7726301000.0,10425983000.0,WATTS,2022
,,,,,,,,,,,,,,,WATTS,2021
86394275000.0,34602085000.0,1777428000.0,34012271000.0,28951906000.0,5382431000.0,5206082000.0,20230387000.0,6405878000.0,112682649000.0,8729959000.0,9244374000.0,2253173000.0,6476786000.0,4074324000.0,SCHWAGER,2025
67142296000.0,25520020000.0,849713000.0,22326043000.0,26055954000.0,2648727000.0,2910065000.0,12352040000.0,3501931000.0,94110930000.0,7940518000.0,8268647000.0,1544554000.0,6395964000.0,2715253000.0,SCHWAGER,2024
57944544000.0,28115990000.0,4238655000.0,18036261000.0,24338447000.0,3079976000.0,4322315000.0,9338087000.0,1754489000.0,81280482000.0,7026245000.0,7318383000.0,2091119000.0,4935126000.0,2069591000.0,SCHWAGER,2023
50010443000.0,20952405000.0,475826000.0,16993760000.0,20741218000.0,3543546000.0,3819539000.0,8998724000.0,-7101686000.0,69911676000.0,4622695000.0,4882557000.0,2007134000.0,2615561000.0,1685883000.0,SCHWAGER,2022
,,,,,,,,,,,,,,,SCHWAGER,2021
313142575000.0,131726415000.0,43908375000.0,123267468000.0,96920315000.0,26082040000.0,74525764000.0,101652472000.0,55832880000.0,290119352000.0,27587839000.0,27587839000.0,3688572000.0,23899267000.0,18688634000.0,INGEVEC,2025
252562627000.0,124056380000.0,20637574000.0,127930264000.0,83549083000.0,53265549000.0,27412542000.0,81914995000.0,42737442000.0,242801163000.0,19933747000.0,19933747000.0,3520577000.0,16413170000.0,12249523000.0,INGEVEC,2024
246472020000.0,122159889000.0,20429498000.0,113721580000.0,75138599000.0,26828781000.0,55126120000.0,83602588000.0,35678311000.0,279767511000.0,15124187000.0,15124187000.0,3784653000.0,11339534000.0,10430824000.0,INGEVEC,2023
222090166000.0,97928290000.0,22189413000.0,96517147000.0,67545354000.0,24396012000.0,57786252000.0,82918469000.0,28660823000.0,272244586000.0,12925817000.0,12925817000.0,3251268000.0,9674549000.0,10062271000.0,INGEVEC,2022
,,,,,,,,,,,,,,,INGEVEC,2021
378240916000.0,80145167000.0,7204380000.0,107582324000.0,198573745000.0,40504525000.0,32634308000.0,92585349000.0,5789079000.0,262185897000.0,15691093000.0,15691093000.0,7099601000.0,8591492000.0,17652233000.0,MELON,2025
371722365000.0,80802536000.0,4600011000.0,104887614000.0,183386696000.0,41908621000.0,47998979000.0,103438400000.0,-9382120000.0,249794366000.0,-9879007000.0,-9879007000.0,8872627000.0,-18751634000.0,-12742756000.0,MELON,2024
376708285000.0,84337510000.0,3526088000.0,123447157000.0,196154546000.0,58029116000.0,32710133000.0,104255211000.0,3360636000.0,241821549000.0,8116367000.0,8116367000.0,9580490000.0,-1464123000.0,485815000.0,MELON,2023
385943506000.0,83847234000.0,6247552000.0,80811143000.0,195836860000.0,20944022000.0,80441523000.0,117659747000.0,3020566000.0,244967827000.0,-12975349000.0,-12975349000.0,5564441000.0,-18539790000.0,-9652074000.0,MELON,2022
,,,,,,,,,,,,,,,MELON,2021
386484903000.0,162661892000.0,51200827000.0,78040522000.0,220207885000.0,20142376000.0,24142967000.0,69005494000.0,207388321000.0,341001290000.0,39479346000.0,39479346000.0,4129560000.0,35349786000.0,19454262000.0,DUNCANFOX,2025
380153128000.0,157246747000.0,47645402000.0,72537043000.0,214109186000.0,18541645000.0,28931944000.0,72155764000.0,194255219000.0,346741507000.0,39320311000.0,39320311000.0,4455676000.0,34864635000.0,20920014000.0,DUNCANFOX,2024
328343135000.0,123849543000.0,25346541000.0,59321337000.0,188635896000.0,9651119000.0,23783810000.0,58299833000.0,179611205000.0,300295559000.0,28264461000.0,28264461000.0,2810907000.0,25453554000.0,15972471000.0,DUNCANFOX,2023
319221359000.0,121663958000.0,37384386000.0,60264600000.0,176307106000.0,5076352000.0,27372517000.0,59494536000.0,168430734000.0,259577183000.0,27029877000.0,27029877000.0,3019478000.0,24010399000.0,18908724000.0,DUNCANFOX,2022
,,,,,,,,,,,,,,,DUNCANFOX,2021
768256793000.0,294185696000.0,4068588000.0,198600082000.0,328715809000.0,139079949000.0,136625115000.0,278191006000.0,255462307000.0,385373670000.0,-658397000.0,-658397000.0,14918314000.0,-15576711000.0,-5379620000.0,CRISTALES,2025
801845889000.0,298359328000.0,4259786000.0,219018812000.0,346980813000.0,148671208000.0,125838564000.0,277360330000.0,260842316000.0,394488938000.0,24517740000.0,24517740000.0,18972060000.0,5545680000.0,1425772000.0,CRISTALES,2024
832929536000.0,330827735000.0,2915437000.0,182174587000.0,311388373000.0,102884822000.0,236479916000.0,342333680000.0,260111180000.0,357355586000.0,10052282000.0,10052282000.0,19184178000.0,-9131896000.0,-7854673000.0,CRISTALES,2023
874972172000.0,355488261000.0,9884019000.0,203964487000.0,333307070000.0,76001278000.0,226569931000.0,305764710000.0,268123689000.0,388647191000.0,27757292000.0,27757292000.0,12079646000.0,15677646000.0,18008998000.0,CRISTALES,2022
,,,,,,,,,,,,,,,CRISTALES,2021
339495784000.0,142983451000.0,5232974000.0,163493715000.0,102932296000.0,101741952000.0,7764086000.0,110855103000.0,61742685000.0,122167849000.0,1363155000.0,1363155000.0,3955442000.0,-2592287000.0,2641060000.0,MOLLER,2025
367778610000.0,200375513000.0,8479907000.0,187832187000.0,93164504000.0,133890042000.0,3745897000.0,139239512000.0,59800732000.0,130363503000.0,-416071000.0,-416071000.0,6279643000.0,-6695714000.0,2441437000.0,MOLLER,2024
429550918000.0,265584811000.0,4245223000.0,260696217000.0,83486909000.0,198346520000.0,2588059000.0,202746909000.0,57376834000.0,155510673000.0,14058371000.0,14058371000.0,10055326000.0,4003045000.0,959714000.0,MOLLER,2023
434626474000.0,275918900000.0,4141886000.0,258295517000.0,82815109000.0,207314499000.0,17562600000.0,226902197000.0,56705034000.0,82285262000.0,2359326000.0,2359326000.0,6249712000.0,-3890386000.0,-2044789000.0,MOLLER,2022
,,,,,,,,,,,,,,,MOLLER,2021
678785000.0,393227000.0,13863000.0,282064000.0,281098000.0,107518000.0,83257000.0,218668000.0,43655000.0,519022000.0,-19830000.0,-9326000.0,15723000.0,-35553000.0,-44849000.0,IANSA,2025
670084000.0,366677000.0,21090000.0,207502000.0,329319000.0,50494000.0,110048000.0,181714000.0,88504000.0,564863000.0,19140000.0,28990000.0,15815000.0,3325000.0,2221000.0,IANSA,2024
670922000.0,376846000.0,33801000.0,180894000.0,328983000.0,37638000.0,137816000.0,198378000.0,86949000.0,580168000.0,28989000.0,37679000.0,16185000.0,12804000.0,11335000.0,IANSA,2023
692990000.0,409329000.0,48699000.0,209385000.0,323207000.0,54549000.0,143986000.0,214136000.0,79014000.0,552326000.0,9582000.0,18565000.0,10193000.0,-611000.0,503000.0,IANSA,2022
,,,,,,,,,,,,,,,IANSA,2021
115076524000.0,22495406000.0,477266000.0,45401707000.0,46961692000.0,30721327000.0,2200000000.0,33140809000.0,33056547000.0,64057975000.0,17822351000.0,17822351000.0,2221869000.0,15600482000.0,11458097000.0,EDELMAG,2025
108786571000.0,18985046000.0,664872000.0,47004459000.0,41302394000.0,33933661000.0,3194060000.0,37446525000.0,27419622000.0,54436753000.0,13648822000.0,13648822000.0,2807873000.0,10840949000.0,8066461000.0,EDELMAG,2024
95694580000.0,20867186000.0,972299000.0,42476661000.0,39862360000.0,31530300000.0,0.0,31881194000.0,25893803000.0,55309387000.0,14128622000.0,14128622000.0,2781156000.0,11347466000.0,5519914000.0,EDELMAG,2023
77390694000.0,12974141000.0,1103404000.0,13068167000.0,38284903000.0,4353914000.0,15378912000.0,20149365000.0,24272111000.0,46307878000.0,10708900000.0,10708900000.0,1279836000.0,9429064000.0,7154348000.0,EDELMAG,2022
,,,,,,,,,,,,,,,EDELMAG,2021
376190279000.0,181225288000.0,18709861000.0,106067250000.0,93795161000.0,39646358000.0,58125757000.0,228987388000.0,-4640848000.0,317235492000.0,261771000.0,261771000.0,13648344000.0,-13386573000.0,-11783047000.0,HITES,2025
363150811000.0,176154264000.0,24424423000.0,98769996000.0,86630571000.0,16749320000.0,64715029000.0,207555823000.0,7142199000.0,319079751000.0,-28030782000.0,-28030782000.0,12270481000.0,-40301263000.0,-34425254000.0,HITES,2024
400522524000.0,195895126000.0,25369335000.0,160468604000.0,120556192000.0,91014854000.0,0.0,223190448000.0,41567453000.0,324481245000.0,-32144954000.0,-32144954000.0,9563784000.0,-41708738000.0,-29157084000.0,HITES,2023
452647189000.0,240821243000.0,38094453000.0,108587921000.0,149275286000.0,37436769000.0,78681108000.0,241544076000.0,72786631000.0,368393931000.0,19587253000.0,19587253000.0,9505862000.0,10081391000.0,8870996000.0,HITES,2022
,,,,,,,,,,,,,,,HITES,2021
452659415000.0,213037392000.0,20407466000.0,128539328000.0,293801005000.0,63883242000.0,0.0,67315045000.0,150214632000.0,276488982000.0,19729813000.0,19729813000.0,3444045000.0,16285768000.0,17203318000.0,VSPT,2025
459435445000.0,216421999000.0,12082774000.0,132903418000.0,294423460000.0,0.0,0.0,4259373000.0,141803540000.0,282637923000.0,27372143000.0,27372143000.0,2199141000.0,25173002000.0,19201312000.0,VSPT,2024
433443907000.0,207102975000.0,9247842000.0,83692552000.0,272130825000.0,16702300000.0,55292729000.0,74689431000.0,132203151000.0,252825495000.0,13558476000.0,13558476000.0,2709191000.0,10849285000.0,14259053000.0,VSPT,2023
443365402000.0,212016584000.0,5801722000.0,84258450000.0,282057093000.0,2582301000.0,53010534000.0,59768243000.0,125073812000.0,296349893000.0,31773804000.0,31773804000.0,2376080000.0,29397724000.0,29949719000.0,VSPT,2022
,,,,,,,,,,,,,,,VSPT,2021
100234000.0,92850000.0,7991000.0,30505000.0,66761000.0,,,2773000.0,10796000.0,140977000.0,10622000.0,10732000.0,108000.0,10514000.0,7677000.0,SOQUICOM,2025
109689000.0,102060000.0,25458000.0,39500000.0,67112000.0,,,3130000.0,10796000.0,136092000.0,12182000.0,12402000.0,135000.0,12047000.0,8799000.0,SOQUICOM,2024
109776000.0,101130000.0,25024000.0,38647000.0,66598000.0,,,4424000.0,10796000.0,136973000.0,12998000.0,13218000.0,161000.0,12837000.0,9749000.0,SOQUICOM,2023
125133000.0,117176000.0,23169000.0,53860000.0,66467000.0,,,4496000.0,10796000.0,160190000.0,19179000.0,19399000.0,162000.0,19017000.0,14120000.0,SOQUICOM,2022
,,,,,,,,,,,,,,,SOQUICOM,2021
599245031000.0,267091059000.0,2807690000.0,166132376000.0,63159538000.0,11924436000.0,171184348000.0,321603449000.0,-478480753000.0,490389533000.0,2609220000.0,36783663000.0,9611705000.0,-7002485000.0,-5872388000.0,ABC,2025
638832657000.0,282498164000.0,3568085000.0,168088463000.0,59989357000.0,21454010000.0,170952527000.0,333890502000.0,-472608365000.0,505980055000.0,9121189000.0,47986994000.0,11161106000.0,-2039917000.0,6482456000.0,ABC,2024
293820828000.0,127628195000.0,1864203000.0,82438974000.0,37697653000.0,8290819000.0,17054597000.0,131036704000.0,-479090821000.0,285642614000.0,-39814784000.0,-18607728000.0,10456404000.0,-50271188000.0,-46455648000.0,ABC,2023
382982990000.0,186372669000.0,4054193000.0,100524145000.0,84339247000.0,,,114011703000.0,-432635173000.0,373362878000.0,-42479471000.0,-16397546000.0,7274799000.0,-49754270000.0,-40155003000.0,ABC,2022
,,,,,3105455000.0,22813970000.0,,,,,,,,,ABC,2021
368903213000.0,181039852000.0,20365462000.0,114439445000.0,144525627000.0,83668938000.0,30772913000.0,122726273000.0,42591325000.0,56486585000.0,700309000.0,1065363000.0,186747000.0,513562000.0,3487025000.0,MANQUEHUE,2024
347920548000.0,161553751000.0,30711993000.0,97759299000.0,142265376000.0,61581855000.0,31874769000.0,99294047000.0,40254402000.0,56172653000.0,3926710000.0,4647966000.0,95920000.0,3830790000.0,3597058000.0,MANQUEHUE,2023
354347577000.0,166763246000.0,45243525000.0,114204498000.0,139760626000.0,75399898000.0,25023150000.0,108973313000.0,37747820000.0,65294052000.0,9603827000.0,10536698000.0,183882000.0,9419945000.0,8835479000.0,MANQUEHUE,2022
335473269000.0,165908394000.0,27221079000.0,94403447000.0,133822785000.0,56856996000.0,28746249000.0,96027255000.0,31809979000.0,70996990000.0,9752639000.0,10736802000.0,274248000.0,9478391000.0,9035953000.0,MANQUEHUE,2021
499597000.0,145440000.0,15127000.0,120829000.0,303187000.0,55575000.0,66741000.0,129864000.0,-102864000.0,271420000.0,-20087000.0,-20087000.0,7413000.0,-27500000.0,-28774000.0,MASISA,2025
537014000.0,169530000.0,21268000.0,123091000.0,333092000.0,55721000.0,68981000.0,134001000.0,-74090000.0,294514000.0,-6059000.0,-6059000.0,9551000.0,-15610000.0,-23349000.0,MASISA,2024
560714000.0,174819000.0,24594000.0,129234000.0,357881000.0,74333000.0,57866000.0,144466000.0,-51533000.0,297553000.0,-17426000.0,-17426000.0,11357000.0,-28783000.0,-52432000.0,MASISA,2023
708012000.0,316510000.0,112707000.0,111158000.0,503708000.0,53973000.0,74902000.0,144231000.0,-136984000.0,457271000.0,81832000.0,81832000.0,8138000.0,73694000.0,-167328000.0,MASISA,2022
,,,,,,,,,,,,,,,MASISA,2021
101306000.0,15526000.0,6762000.0,7020000.0,82300000.0,,,1703000.0,62757000.0,35453000.0,6476000.0,6539000.0,84000.0,6392000.0,6266000.0,FROWARD,2025
106173000.0,17039000.0,6330000.0,6856000.0,84673000.0,0.0,,2564000.0,65130000.0,36925000.0,6054000.0,6114000.0,124000.0,5930000.0,3254000.0,FROWARD,2024
106646000.0,15059000.0,6153000.0,9771000.0,84015000.0,2999000.0,0.0,3802000.0,64472000.0,37973000.0,7221000.0,7273000.0,364000.0,6857000.0,5398000.0,FROWARD,2023
108000000.0,11105000.0,2116000.0,9403000.0,82058000.0,2409000.0,2900000.0,6503000.0,62515000.0,36413000.0,6680000.0,6754000.0,304000.0,6376000.0,6072000.0,FROWARD,2022
,,,,,5859000.0,5213000.0,,,,,,,,,FROWARD,2021
9172579000.0,7847016000.0,5307826000.0,427390000.0,7784885000.0,140842000.0,960304000.0,1101146000.0,-990339000.0,96000000.0,-113082000.0,-97887000.0,53125000.0,-166207000.0,-166207000.0,POLO,2023
3604642000.0,2263884000.0,390339000.0,266015000.0,2286547000.0,136286000.0,1052080000.0,1188366000.0,-824132000.0,96000000.0,-283940000.0,-267402000.0,56926000.0,-340866000.0,-340866000.0,POLO,2022
518926000.0,211577000.0,12715000.0,260601000.0,70900000.0,79299000.0,159575000.0,242464000.0,12844000.0,357492000.0,-3372000.0,-3372000.0,25067000.0,-28439000.0,-31284000.0,CINTAC,2025
586770000.0,296320000.0,105740000.0,300182000.0,87292000.0,67178000.0,168846000.0,238826000.0,44128000.0,344729000.0,-2202000.0,-2202000.0,27503000.0,-29705000.0,-39909000.0,CINTAC,2024
590652000.0,250668000.0,30250000.0,351885000.0,101004000.0,102058000.0,89693000.0,202157000.0,84037000.0,410562000.0,-7094000.0,-7094000.0,29497000.0,-36591000.0,-38351000.0,CINTAC,2023
674199000.0,335160000.0,40789000.0,384370000.0,149720000.0,126954000.0,100865000.0,231800000.0,122388000.0,446766000.0,-44611000.0,-44611000.0,15930000.0,-60541000.0,-44144000.0,CINTAC,2022
,,,,,,,,,,,,,,,CINTAC,2021
133825000.0,12136000.0,413000.0,17651000.0,81914000.0,9312000.0,3003000.0,16783000.0,14254000.0,42332000.0,7039000.0,7345000.0,1113000.0,5926000.0,4195000.0,ENLASA,2025
142856000.0,13831000.0,1852000.0,24883000.0,81510000.0,18389000.0,9207000.0,29047000.0,13066000.0,36681000.0,8280000.0,8667000.0,2512000.0,5768000.0,4174000.0,ENLASA,2024
154751000.0,21322000.0,4986000.0,26430000.0,83186000.0,17382000.0,18897000.0,37577000.0,14865000.0,46844000.0,11510000.0,11825000.0,1272000.0,10238000.0,7598000.0,ENLASA,2023
133469000.0,21093000.0,4118000.0,23049000.0,81411000.0,16449000.0,6719000.0,23754000.0,13547000.0,90199000.0,17864000.0,18327000.0,1148000.0,16716000.0,12216000.0,ENLASA,2022
,,,,,,,,,,,,,,,ENLASA,2021
387236318000.0,269563873000.0,14946560000.0,234627283000.0,61016388000.0,62268779000.0,78305791000.0,145944954000.0,-8180113000.0,416154789000.0,5126472000.0,8508695000.0,5814735000.0,-688263000.0,527097000.0,COPEVAL,2025
358088240000.0,245734492000.0,14476436000.0,235592320000.0,56731313000.0,77174888000.0,55062941000.0,136167150000.0,-8707210000.0,380649269000.0,943307000.0,4281591000.0,3355453000.0,-2412146000.0,1269614000.0,COPEVAL,2024
345644743000.0,241590627000.0,16054915000.0,185210426000.0,58033078000.0,59045256000.0,91734844000.0,154880638000.0,-8401529000.0,370964228000.0,-9351204000.0,-6305040000.0,6306500000.0,-15657704000.0,-8858965000.0,COPEVAL,2023
356896827000.0,263558821000.0,4858102000.0,211709948000.0,66473627000.0,74668996000.0,68726092000.0,148115834000.0,457436000.0,452021798000.0,13833895000.0,16592855000.0,6710527000.0,7123368000.0,7225103000.0,COPEVAL,2022
,,,,,,,,,,,,,,,COPEVAL,2021
62168737000.0,31434268000.0,1527174000.0,32639351000.0,24186556000.0,19631033000.0,,23980848000.0,-368830000.0,97648622000.0,2937652000.0,6110650000.0,1904953000.0,1032699000.0,826410000.0,CIC,2025
76498608000.0,44211663000.0,6234048000.0,47113377000.0,23518643000.0,31540694000.0,,36322920000.0,-1056872000.0,102885931000.0,399291000.0,3477822000.0,2050691000.0,-1651400000.0,-934766000.0,CIC,2024
63017154000.0,29762839000.0,874637000.0,30963774000.0,24483597000.0,18755590000.0,0.0,24909274000.0,-118904000.0,85990146000.0,3708006000.0,6374167000.0,2992685000.0,715321000.0,304816000.0,CIC,2023
76959011000.0,43082949000.0,1312387000.0,41847672000.0,25946403000.0,26377231000.0,1142857000.0,33952331000.0,1322532000.0,110487873000.0,6934559000.0,9389155000.0,2550222000.0,4384337000.0,4134802000.0,CIC,2022
,,,,,,2285714000.0,,,,,,,,,CIC,2021
163888326000.0,35254845000.0,686517000.0,30355334000.0,96476983000.0,18473288000.0,20646261000.0,39119549000.0,35904864000.0,40053101000.0,-5069750000.0,-4561331000.0,2469354000.0,-7539104000.0,-5459611000.0,FOSFOROS,2025
161425215000.0,32884401000.0,651603000.0,35903425000.0,102021431000.0,22956713000.0,6328997000.0,29285710000.0,39595579000.0,46552042000.0,2687344000.0,3232245000.0,1915732000.0,771612000.0,1259347000.0,FOSFOROS,2024
166702942000.0,28261202000.0,511410000.0,24114039000.0,107813809000.0,14581128000.0,13965969000.0,28547097000.0,35901495000.0,36913239000.0,1098366000.0,2007694000.0,2005661000.0,-907295000.0,535646000.0,FOSFOROS,2023
99032666000.0,28739684000.0,267026000.0,22441247000.0,63988551000.0,14088942000.0,8273519000.0,22362461000.0,35526542000.0,40838576000.0,1242925000.0,2025424000.0,1062484000.0,180441000.0,2009878000.0,FOSFOROS,2022
,,,,,,,,,,,,,,,FOSFOROS,2021
134112397000.0,19871844000.0,191141000.0,30030821000.0,85584121000.0,11076493000.0,18466667000.0,30010824000.0,33368907000.0,82656751000.0,4909467000.0,4909467000.0,1799384000.0,3110083000.0,3325088000.0,FEPASA,2025
135018267000.0,24581629000.0,471421000.0,42591026000.0,84235335000.0,15358145000.0,7245001000.0,23697330000.0,32029840000.0,85734280000.0,7058722000.0,7058722000.0,2347339000.0,4711383000.0,4942472000.0,FEPASA,2024
134977861000.0,25312661000.0,231593000.0,38019410000.0,81836096000.0,14092085000.0,13479829000.0,28798285000.0,29611069000.0,74008058000.0,6709458000.0,6709458000.0,2096668000.0,4612790000.0,5204775000.0,FEPASA,2023
127010323000.0,22196557000.0,151362000.0,34647301000.0,79719315000.0,9099541000.0,10183199000.0,20949834000.0,27465109000.0,86771998000.0,9192200000.0,9192200000.0,1496812000.0,7695388000.0,7486889000.0,FEPASA,2022
,,,,,,,,,,,,,,,FEPASA,2021
190203993000.0,100567264000.0,4686490000.0,67428994000.0,104655804000.0,,,630224000.0,28760290000.0,175119385000.0,9460740000.0,9460740000.0,2168452000.0,7292288000.0,7088448000.0,HIPERMARC,2025
174676341000.0,87657588000.0,9106712000.0,55090650000.0,101458355000.0,,,752308000.0,23101636000.0,141404086000.0,-3806353000.0,-3806353000.0,2121605000.0,-5927958000.0,-5621304000.0,HIPERMARC,2024
153721490000.0,68920558000.0,5883277000.0,39638321000.0,92238437000.0,,,1045333000.0,27705721000.0,76303292000.0,8757899000.0,8757899000.0,2364144000.0,6393755000.0,7221469000.0,HIPERMARC,2023
166353232000.0,77121214000.0,4195029000.0,50689902000.0,88641881000.0,0.0,,0.0,20484252000.0,55404972000.0,8507981000.0,8507981000.0,1838218000.0,6669763000.0,5766713000.0,HIPERMARC,2022
,,,,,1258000.0,,,,,,,,,,HIPERMARC,2021
258845000.0,147951000.0,6783000.0,163481000.0,53932000.0,28348000.0,8769000.0,49568000.0,41451000.0,167146000.0,7358000.0,7759000.0,2622000.0,4736000.0,3154000.0,VICONTO,2025
232677000.0,123838000.0,8845000.0,132967000.0,50010000.0,25014000.0,0.0,39604000.0,39243000.0,154658000.0,8660000.0,9016000.0,2064000.0,6596000.0,5778000.0,VICONTO,2024
199605000.0,100042000.0,7811000.0,100863000.0,46200000.0,18429000.0,1558000.0,37922000.0,35342000.0,121143000.0,1149000.0,1149000.0,2058000.0,-909000.0,-1173000.0,VICONTO,2023
58708000.0,4100000.0,1283000.0,6043000.0,47610000.0,4891000.0,1215000.0,6758000.0,36519000.0,2903000.0,-831000.0,-831000.0,219000.0,-1050000.0,-718000.0,VICONTO,2022
,,,,,,,,,,,,,,,VICONTO,2021
681850000.0,297623000.0,69927000.0,292437000.0,196598000.0,248929000.0,0.0,248929000.0,115920000.0,388186000.0,22013000.0,27108000.0,15370000.0,6643000.0,-8616000.0,NUTRAVALOR,2025
740446000.0,313720000.0,60391000.0,328258000.0,205484000.0,241119000.0,17500000.0,258619000.0,124536000.0,374709000.0,-13029000.0,-8150000.0,16744000.0,-29773000.0,-24609000.0,NUTRAVALOR,2024
746529000.0,308282000.0,91341000.0,274860000.0,231802000.0,220721000.0,35000000.0,255721000.0,149145000.0,379468000.0,-7365000.0,-4274000.0,17288000.0,-24653000.0,-15654000.0,NUTRAVALOR,2023
844810000.0,447333000.0,136535000.0,319510000.0,248346000.0,227598000.0,77500000.0,305391000.0,164799000.0,487545000.0,90186000.0,94169000.0,11545000.0,78641000.0,39945000.0,NUTRAVALOR,2022
,,,,,,,,,,,,,,,NUTRAVALOR,2021
87136744000.0,8187901000.0,1712282000.0,18154339000.0,26232856000.0,2416448000.0,28618877000.0,41585465000.0,-9698491000.0,25431014000.0,-4198000.0,-4198000.0,725647000.0,-729845000.0,-729845000.0,CRUZADOS,2025
68935645000.0,6882442000.0,807202000.0,11980843000.0,20459667000.0,1092827000.0,28623392000.0,34572066000.0,-8968646000.0,20709083000.0,-1020208000.0,-1020208000.0,333552000.0,-1353760000.0,-1353760000.0,CRUZADOS,2024
54172685000.0,18367441000.0,11867771000.0,5542647000.0,21582438000.0,748176000.0,22073616000.0,27738891000.0,-7614886000.0,14294338000.0,-1894357000.0,-1894357000.0,175650000.0,-2070007000.0,-2070007000.0,CRUZADOS,2023
58107247000.0,39092878000.0,33606832000.0,8472770000.0,22927445000.0,1130591000.0,21245044000.0,27321532000.0,-5544879000.0,23521065000.0,1574999000.0,1574999000.0,323559000.0,1251440000.0,1251440000.0,CRUZADOS,2022
,,,,,,,,,,,,,,,CRUZADOS,2021
68852533000.0,34087860000.0,248394000.0,24270905000.0,33083255000.0,18995140000.0,2660000000.0,29296607000.0,20256998000.0,28716012000.0,1338753000.0,1338753000.0,1685796000.0,-347043000.0,-195679000.0,EMILIANA,2025
71993085000.0,35761170000.0,459718000.0,23660890000.0,33276991000.0,17416937000.0,4588273000.0,31330491000.0,20452677000.0,29663071000.0,701614000.0,701614000.0,1640721000.0,-939107000.0,-179016000.0,EMILIANA,2024
72253397000.0,30954085000.0,502258000.0,23916742000.0,33012003000.0,16720051000.0,3373011000.0,30319049000.0,20631693000.0,22504783000.0,427074000.0,427074000.0,1078620000.0,-651546000.0,-548797000.0,EMILIANA,2023
68770976000.0,31794880000.0,372898000.0,18124593000.0,34038823000.0,9480351000.0,8028593000.0,24053777000.0,21068343000.0,25451870000.0,1223397000.0,1223397000.0,688460000.0,534937000.0,1075903000.0,EMILIANA,2022
,,,,,,,,,,,,,,,EMILIANA,2021
11867941000.0,281684000.0,37202000.0,6560000.0,11724582000.0,,,,-561517000.0,0.0,-160590000.0,-70341000.0,,-80828000.0,-82138000.0,MARBELLACC,2025
11947808000.0,271302000.0,36640000.0,4289000.0,11806720000.0,,,,-479379000.0,0.0,-157334000.0,-67084000.0,,-78683000.0,-78683000.0,MARBELLACC,2024
12026262000.0,259506000.0,36605000.0,4060000.0,11885403000.0,,,,-400696000.0,0.0,-147560000.0,-62117000.0,,-73609000.0,-73609000.0,MARBELLACC,2023
12099771000.0,339062000.0,127142000.0,3960000.0,11959012000.0,,,,-327087000.0,0.0,-138375000.0,-54292000.0,,-68853000.0,-68853000.0,MARBELLACC,2022
,,,,,,,,,,,,,,,MARBELLACC,2021
7196430000.0,7056724000.0,2984396000.0,2044026000.0,5147853000.0,447940000.0,0.0,461678000.0,-2405271000.0,8117342000.0,-1894267000.0,-1824027000.0,126635000.0,-2020902000.0,-2065941000.0,NIBSA,2025
11905023000.0,11294313000.0,5522152000.0,1783503000.0,9813794000.0,1145703000.0,236263000.0,1640301000.0,-339330000.0,5939608000.0,-312581000.0,-209985000.0,131315000.0,-443896000.0,-339330000.0,NIBSA,2024
13325046000.0,12275097000.0,6832400000.0,2237316000.0,10626817000.0,1156476000.0,0.0,1608186000.0,473700000.0,6111376000.0,699356000.0,794750000.0,69054000.0,630302000.0,569904000.0,NIBSA,2023
19246584000.0,18948306000.0,2918141000.0,5758627000.0,13328836000.0,1530644000.0,100117000.0,1630761000.0,3175685000.0,8510460000.0,5091959000.0,5101577000.0,145181000.0,4946778000.0,3813141000.0,NIBSA,2022
,,,,,,,,,,,,,,,NIBSA,2021
320227176000.0,31609131000.0,3024003000.0,49829225000.0,-124735164000.0,4901796000.0,281534992000.0,359459397000.0,-571414483000.0,49051897000.0,70040429000.0,70040429000.0,24161810000.0,45878619000.0,29718075000.0,ENJOY,2025
696015404000.0,41231575000.0,12245151000.0,203376393000.0,-153244789000.0,52940348000.0,243004711000.0,362935232000.0,-601132558000.0,219972758000.0,-52642310000.0,-52642310000.0,78705774000.0,-131348084000.0,-172994387000.0,ENJOY,2024
861681149000.0,82144676000.0,31526658000.0,184712464000.0,61865670000.0,18793624000.0,243284470000.0,284880114000.0,-428138171000.0,231420638000.0,-16815579000.0,-16815579000.0,72557837000.0,-89373416000.0,-89789250000.0,ENJOY,2023
878119416000.0,68893611000.0,28027244000.0,169516162000.0,151294044000.0,16688362000.0,223255160000.0,262229060000.0,-338348921000.0,306169509000.0,-20523698000.0,-20523698000.0,65841813000.0,-86365511000.0,-57444274000.0,ENJOY,2022
,,,,,,,,,,,,,,,ENJOY,2021
1317155029000.0,111754645000.0,1681948000.0,509185536000.0,455651837000.0,427851653000.0,181866265000.0,610429071000.0,137623296000.0,276268538000.0,118138659000.0,118138659000.0,35886931000.0,82251728000.0,60890891000.0,CGET,2025
1253309326000.0,83948155000.0,4951683000.0,534841257000.0,414237444000.0,358638546000.0,233569298000.0,592982322000.0,95016587000.0,250034739000.0,95262066000.0,95262066000.0,44941975000.0,50320091000.0,38321661000.0,CGET,2024
1255571573000.0,126817280000.0,26405835000.0,462945636000.0,386929007000.0,319592413000.0,342730185000.0,663405916000.0,68216403000.0,233031015000.0,128948524000.0,128948524000.0,71533690000.0,57414834000.0,43681169000.0,CGET,2023
1241747928000.0,142775489000.0,1955455000.0,568234936000.0,356235054000.0,500764432000.0,173726408000.0,675062103000.0,37650160000.0,196266789000.0,106448866000.0,106448866000.0,51986032000.0,54462834000.0,41507295000.0,CGET,2022
,,,,,,,,,,,,,,,CGET,2021
