country,dose_pp,n_firms,rate_pre,rate_post,rate_change_pp,icr_pre,icr_post
TR,33.5,559,0.1776546404397328,0.2835539283645374,10.59,3.3643374660218615,2.45300494134963
HU,10.6,23,0.04515451985276975,0.0802683472083087,3.51,6.275685768670675,4.410700479356734
CL,7.25,80,0.04879746625423845,0.07118448144151125,2.24,4.146146843583505,2.7452204395824804
BR,5.75,215,0.1229094938600921,0.127699272860884,0.48,2.4831504384614136,2.0482269094028656
MX,5.75,19,0.09708029715080474,0.11645384409251086,1.94,3.6247589693758258,2.5884420667616044
PL,5.0,521,0.08983985958857585,0.1057765876052027,1.59,4.716931216931217,2.909512457956785
IL,4.65,274,0.0562784703529049,0.075307952761954,1.9,4.81017641400819,3.291931572393
KR,2.5,290,0.0368666060796035,0.0524570697809703,1.56,6.187078722397597,4.158301129118793
VN,0.8,570,0.0643512944290383,0.0656765406753945,0.13,2.9060119975469916,2.2315507838317905
